1.0,NaN,NaN,NaN,NaN,NaN,NaN,NaN,NaN,NaN,NaN,NaN,NaN,NaN,NaN,NaN,NaN,NaN,NaN,NaN,NaN,NaN,NaN,NaN,NaN,NaN,NaN,NaN,NaN,NaN,NaN,NaN,NaN,NaN,NaN,NaN,NaN,NaN,NaN,NaN,NaN,NaN,NaN,NaN,NaN,NaN,NaN,NaN,NaN,NaN,NaN,NaN,NaN,NaN,NaN,NaN,NaN,NaN,NaN,NaN,NaN,NaN,NaN,NaN,NaN,NaN,NaN,NaN,NaN,NaN,NaN,NaN,NaN,NaN,NaN,NaN,NaN,NaN,NaN,NaN,NaN,NaN,NaN,NaN,NaN,NaN,NaN,NaN,NaN,NaN,NaN,NaN,NaN,NaN,NaN,NaN,NaN,NaN,NaN,NaN,NaN
2.0,NaN,NaN,NaN,NaN,NaN,NaN,NaN,NaN,NaN,NaN,NaN,NaN,NaN,NaN,NaN,NaN,NaN,NaN,NaN,NaN,NaN,NaN,NaN,NaN,NaN,NaN,NaN,NaN,NaN,NaN,NaN,NaN,NaN,NaN,NaN,NaN,NaN,NaN,NaN,NaN,NaN,NaN,NaN,NaN,NaN,NaN,NaN,NaN,NaN,NaN,NaN,NaN,NaN,NaN,NaN,NaN,NaN,NaN,NaN,NaN,NaN,NaN,NaN,NaN,NaN,NaN,NaN,NaN,NaN,NaN,NaN,NaN,NaN,NaN,NaN,NaN,NaN,NaN,NaN,NaN,NaN,NaN,NaN,NaN,NaN,NaN,NaN,NaN,NaN,NaN,NaN,NaN,NaN,NaN,NaN,NaN,NaN,NaN,NaN,NaN
3.0,0.0005073233025781647,0.0007573716976745517,0.0009792225906805523,0.0017479171148292293,0.0014645761142190175,0.0026834439378195956,NaN,NaN,NaN,NaN,NaN,NaN,NaN,NaN,NaN,NaN,NaN,NaN,NaN,NaN,NaN,NaN,NaN,NaN,NaN,NaN,NaN,NaN,NaN,NaN,NaN,NaN,NaN,NaN,NaN,NaN,NaN,NaN,NaN,NaN,NaN,NaN,NaN,NaN,NaN,NaN,NaN,NaN,NaN,NaN,NaN,NaN,NaN,NaN,NaN,NaN,NaN,NaN,NaN,NaN,NaN,NaN,NaN,NaN,NaN,NaN,NaN,NaN,NaN,NaN,NaN,NaN,NaN,NaN,NaN,NaN,NaN,NaN,NaN,NaN,NaN,NaN,NaN,NaN,NaN,NaN,NaN,NaN,NaN,NaN,NaN,NaN,NaN,NaN,NaN,NaN,NaN,NaN,NaN,NaN
4.0,0.0003392080347193444,0.000743444970057851,0.0008269608229291476,0.001186600759150794,0.0009745444884853325,0.002047849387614823,0.0028559056528296577,NaN,NaN,NaN,NaN,NaN,NaN,NaN,NaN,NaN,NaN,NaN,NaN,NaN,NaN,NaN,NaN,NaN,NaN,NaN,NaN,NaN,NaN,NaN,NaN,NaN,NaN,NaN,NaN,NaN,NaN,NaN,NaN,NaN,NaN,NaN,NaN,NaN,NaN,NaN,NaN,NaN,NaN,NaN,NaN,NaN,NaN,NaN,NaN,NaN,NaN,NaN,NaN,NaN,NaN,NaN,NaN,NaN,NaN,NaN,NaN,NaN,NaN,NaN,NaN,NaN,NaN,NaN,NaN,NaN,NaN,NaN,NaN,NaN,NaN,NaN,NaN,NaN,NaN,NaN,NaN,NaN,NaN,NaN,NaN,NaN,NaN,NaN,NaN,NaN,NaN,NaN,NaN,NaN
5.0,0.0002178873098497611,0.0005777276582061189,0.0008094465440715778,0.0009722118652451536,0.0007775403728305943,0.0009859826951491451,0.001471925185089862,0.0030293010132092946,NaN,NaN,NaN,NaN,NaN,NaN,NaN,NaN,NaN,NaN,NaN,NaN,NaN,NaN,NaN,NaN,NaN,NaN,NaN,NaN,NaN,NaN,NaN,NaN,NaN,NaN,NaN,NaN,NaN,NaN,NaN,NaN,NaN,NaN,NaN,NaN,NaN,NaN,NaN,NaN,NaN,NaN,NaN,NaN,NaN,NaN,NaN,NaN,NaN,NaN,NaN,NaN,NaN,NaN,NaN,NaN,NaN,NaN,NaN,NaN,NaN,NaN,NaN,NaN,NaN,NaN,NaN,NaN,NaN,NaN,NaN,NaN,NaN,NaN,NaN,NaN,NaN,NaN,NaN,NaN,NaN,NaN,NaN,NaN,NaN,NaN,NaN,NaN,NaN,NaN,NaN,NaN
6.0,3.915871434468869e-5,0.00026148298670364045,0.0005049703749518043,0.0005773560212635553,0.0007042092408317589,0.000853791469218674,0.0008277853074545872,0.000813150153458621,0.001789487677979565,NaN,NaN,NaN,NaN,NaN,NaN,NaN,NaN,NaN,NaN,NaN,NaN,NaN,NaN,NaN,NaN,NaN,NaN,NaN,NaN,NaN,NaN,NaN,NaN,NaN,NaN,NaN,NaN,NaN,NaN,NaN,NaN,NaN,NaN,NaN,NaN,NaN,NaN,NaN,NaN,NaN,NaN,NaN,NaN,NaN,NaN,NaN,NaN,NaN,NaN,NaN,NaN,NaN,NaN,NaN,NaN,NaN,NaN,NaN,NaN,NaN,NaN,NaN,NaN,NaN,NaN,NaN,NaN,NaN,NaN,NaN,NaN,NaN,NaN,NaN,NaN,NaN,NaN,NaN,NaN,NaN,NaN,NaN,NaN,NaN,NaN,NaN,NaN,NaN,NaN,NaN
7.0,1.5937383008807836e-5,0.0002365247881033935,0.00039206359967915253,0.000536795094192446,0.0006236977345556494,0.0007414328549061223,0.0007308594270998001,0.0007152492801683556,0.001615845006598807,0.0034716552837344506,NaN,NaN,NaN,NaN,NaN,NaN,NaN,NaN,NaN,NaN,NaN,NaN,NaN,NaN,NaN,NaN,NaN,NaN,NaN,NaN,NaN,NaN,NaN,NaN,NaN,NaN,NaN,NaN,NaN,NaN,NaN,NaN,NaN,NaN,NaN,NaN,NaN,NaN,NaN,NaN,NaN,NaN,NaN,NaN,NaN,NaN,NaN,NaN,NaN,NaN,NaN,NaN,NaN,NaN,NaN,NaN,NaN,NaN,NaN,NaN,NaN,NaN,NaN,NaN,NaN,NaN,NaN,NaN,NaN,NaN,NaN,NaN,NaN,NaN,NaN,NaN,NaN,NaN,NaN,NaN,NaN,NaN,NaN,NaN,NaN,NaN,NaN,NaN,NaN,NaN
8.0,1.1813107332614927e-5,0.00010833413185011719,0.0003427808154540163,0.0004673892691403381,0.0006017694488198806,0.0007395700504370204,0.0006591121676865459,0.00067025544183335,0.0009801722875972811,0.001903307082997436,NaN,NaN,NaN,NaN,NaN,NaN,NaN,NaN,NaN,NaN,NaN,NaN,NaN,NaN,NaN,NaN,NaN,NaN,NaN,NaN,NaN,NaN,NaN,NaN,NaN,NaN,NaN,NaN,NaN,NaN,NaN,NaN,NaN,NaN,NaN,NaN,NaN,NaN,NaN,NaN,NaN,NaN,NaN,NaN,NaN,NaN,NaN,NaN,NaN,NaN,NaN,NaN,NaN,NaN,NaN,NaN,NaN,NaN,NaN,NaN,NaN,NaN,NaN,NaN,NaN,NaN,NaN,NaN,NaN,NaN,NaN,NaN,NaN,NaN,NaN,NaN,NaN,NaN,NaN,NaN,NaN,NaN,NaN,NaN,NaN,NaN,NaN,NaN,NaN,NaN
9.0,8.866577021500893e-7,3.372801284196906e-5,9.812137929622354e-5,0.00010992260009050758,0.00022873478583714167,0.0003387159546440383,0.0005701714762574119,0.0006615374600764893,0.0008081567151778853,0.0012846245480631312,NaN,NaN,NaN,NaN,NaN,NaN,NaN,NaN,NaN,NaN,NaN,NaN,NaN,NaN,NaN,NaN,NaN,NaN,NaN,NaN,NaN,NaN,NaN,NaN,NaN,NaN,NaN,NaN,NaN,NaN,NaN,NaN,NaN,NaN,NaN,NaN,NaN,NaN,NaN,NaN,NaN,NaN,NaN,NaN,NaN,NaN,NaN,NaN,NaN,NaN,NaN,NaN,NaN,NaN,NaN,NaN,NaN,NaN,NaN,NaN,NaN,NaN,NaN,NaN,NaN,NaN,NaN,NaN,NaN,NaN,NaN,NaN,NaN,NaN,NaN,NaN,NaN,NaN,NaN,NaN,NaN,NaN,NaN,NaN,NaN,NaN,NaN,NaN,NaN,NaN
10.0,2.7420962891890967e-7,2.13473048520162e-5,3.869830199432207e-5,0.00010805602906852308,0.00018033259890752273,0.00026413026442284723,0.00035034053556482923,0.0005607545492975309,0.000800482916367729,0.0010115186348695175,0.001442254049330049,NaN,NaN,NaN,NaN,NaN,NaN,NaN,NaN,NaN,NaN,NaN,NaN,NaN,NaN,NaN,NaN,NaN,NaN,NaN,NaN,NaN,NaN,NaN,NaN,NaN,NaN,NaN,NaN,NaN,NaN,NaN,NaN,NaN,NaN,NaN,NaN,NaN,NaN,NaN,NaN,NaN,NaN,NaN,NaN,NaN,NaN,NaN,NaN,NaN,NaN,NaN,NaN,NaN,NaN,NaN,NaN,NaN,NaN,NaN,NaN,NaN,NaN,NaN,NaN,NaN,NaN,NaN,NaN,NaN,NaN,NaN,NaN,NaN,NaN,NaN,NaN,NaN,NaN,NaN,NaN,NaN,NaN,NaN,NaN,NaN,NaN,NaN,NaN,NaN
11.0,2.3200985660833197e-7,6.8618399336095325e-6,3.8120865370561655e-5,9.999493321896707e-5,0.0001327680028834346,0.00024590497436303223,0.0003133608393982428,0.000502580629786489,0.0006997585708841887,0.0009783993916827357,0.001257388348232702,0.0020574575662454003,NaN,NaN,NaN,NaN,NaN,NaN,NaN,NaN,NaN,NaN,NaN,NaN,NaN,NaN,NaN,NaN,NaN,NaN,NaN,NaN,NaN,NaN,NaN,NaN,NaN,NaN,NaN,NaN,NaN,NaN,NaN,NaN,NaN,NaN,NaN,NaN,NaN,NaN,NaN,NaN,NaN,NaN,NaN,NaN,NaN,NaN,NaN,NaN,NaN,NaN,NaN,NaN,NaN,NaN,NaN,NaN,NaN,NaN,NaN,NaN,NaN,NaN,NaN,NaN,NaN,NaN,NaN,NaN,NaN,NaN,NaN,NaN,NaN,NaN,NaN,NaN,NaN,NaN,NaN,NaN,NaN,NaN,NaN,NaN,NaN,NaN,NaN,NaN
12.0,2.7008728479990963e-8,3.044148143627724e-6,2.0165487459424253e-5,9.364163636713482e-5,0.00013055673882620325,0.00019863314910905288,0.00029186215761985596,0.00036459077484015355,0.0006575462295622319,0.0009775842193184352,0.0011592025750295904,0.0019967813651771593,NaN,NaN,NaN,NaN,NaN,NaN,NaN,NaN,NaN,NaN,NaN,NaN,NaN,NaN,NaN,NaN,NaN,NaN,NaN,NaN,NaN,NaN,NaN,NaN,NaN,NaN,NaN,NaN,NaN,NaN,NaN,NaN,NaN,NaN,NaN,NaN,NaN,NaN,NaN,NaN,NaN,NaN,NaN,NaN,NaN,NaN,NaN,NaN,NaN,NaN,NaN,NaN,NaN,NaN,NaN,NaN,NaN,NaN,NaN,NaN,NaN,NaN,NaN,NaN,NaN,NaN,NaN,NaN,NaN,NaN,NaN,NaN,NaN,NaN,NaN,NaN,NaN,NaN,NaN,NaN,NaN,NaN,NaN,NaN,NaN,NaN,NaN,NaN
13.0,9.676462139023556e-9,2.9976625328490465e-6,1.811375580970578e-5,5.950589174202472e-5,7.140046727275909e-5,0.00012285658876411574,0.00024494260809216137,0.000324730929971219,0.0006388729945059083,0.0009057662788494481,0.0010439136783977263,0.0013939072023619469,0.0022181545423239457,NaN,NaN,NaN,NaN,NaN,NaN,NaN,NaN,NaN,NaN,NaN,NaN,NaN,NaN,NaN,NaN,NaN,NaN,NaN,NaN,NaN,NaN,NaN,NaN,NaN,NaN,NaN,NaN,NaN,NaN,NaN,NaN,NaN,NaN,NaN,NaN,NaN,NaN,NaN,NaN,NaN,NaN,NaN,NaN,NaN,NaN,NaN,NaN,NaN,NaN,NaN,NaN,NaN,NaN,NaN,NaN,NaN,NaN,NaN,NaN,NaN,NaN,NaN,NaN,NaN,NaN,NaN,NaN,NaN,NaN,NaN,NaN,NaN,NaN,NaN,NaN,NaN,NaN,NaN,NaN,NaN,NaN,NaN,NaN,NaN,NaN,NaN
14.0,1.575105529695376e-9,6.289438271225008e-7,5.813567760271355e-6,2.8782683500138727e-5,4.014159650874797e-5,4.7496457132251656e-5,0.00022848084371057567,0.0002861941901453283,0.0004582296564583641,0.0008471323596797797,0.0007534268751940864,0.0010151157397932245,0.0015437148476820115,0.0015911202570227127,NaN,NaN,NaN,NaN,NaN,NaN,NaN,NaN,NaN,NaN,NaN,NaN,NaN,NaN,NaN,NaN,NaN,NaN,NaN,NaN,NaN,NaN,NaN,NaN,NaN,NaN,NaN,NaN,NaN,NaN,NaN,NaN,NaN,NaN,NaN,NaN,NaN,NaN,NaN,NaN,NaN,NaN,NaN,NaN,NaN,NaN,NaN,NaN,NaN,NaN,NaN,NaN,NaN,NaN,NaN,NaN,NaN,NaN,NaN,NaN,NaN,NaN,NaN,NaN,NaN,NaN,NaN,NaN,NaN,NaN,NaN,NaN,NaN,NaN,NaN,NaN,NaN,NaN,NaN,NaN,NaN,NaN,NaN,NaN,NaN,NaN
15.0,1.4228812843357536e-10,1.9748407587508496e-7,2.7742685584444394e-6,3.875710712210008e-6,6.8053206073713305e-6,1.8366060359412035e-5,0.00016454322927822722,0.0002478711552835646,0.0003858887034699718,0.0006939364267093548,0.0007380184076408495,0.0009368798590153494,0.0014484285797955617,0.0015771713428047844,0.0017867839730979261,NaN,NaN,NaN,NaN,NaN,NaN,NaN,NaN,NaN,NaN,NaN,NaN,NaN,NaN,NaN,NaN,NaN,NaN,NaN,NaN,NaN,NaN,NaN,NaN,NaN,NaN,NaN,NaN,NaN,NaN,NaN,NaN,NaN,NaN,NaN,NaN,NaN,NaN,NaN,NaN,NaN,NaN,NaN,NaN,NaN,NaN,NaN,NaN,NaN,NaN,NaN,NaN,NaN,NaN,NaN,NaN,NaN,NaN,NaN,NaN,NaN,NaN,NaN,NaN,NaN,NaN,NaN,NaN,NaN,NaN,NaN,NaN,NaN,NaN,NaN,NaN,NaN,NaN,NaN,NaN,NaN,NaN,NaN,NaN,NaN
16.0,1.0117636675126198e-10,1.2060447632267516e-7,1.6090444129434426e-6,3.809782121501926e-6,6.3173809058218426e-6,1.5961886895348756e-5,0.00016292736560952306,0.0001636067552132323,0.00026805840003293375,0.0005413359396615863,0.0006516648910842711,0.0006909817275310567,0.0009812846697858314,0.0009815455027927117,0.0016347442664502588,NaN,NaN,NaN,NaN,NaN,NaN,NaN,NaN,NaN,NaN,NaN,NaN,NaN,NaN,NaN,NaN,NaN,NaN,NaN,NaN,NaN,NaN,NaN,NaN,NaN,NaN,NaN,NaN,NaN,NaN,NaN,NaN,NaN,NaN,NaN,NaN,NaN,NaN,NaN,NaN,NaN,NaN,NaN,NaN,NaN,NaN,NaN,NaN,NaN,NaN,NaN,NaN,NaN,NaN,NaN,NaN,NaN,NaN,NaN,NaN,NaN,NaN,NaN,NaN,NaN,NaN,NaN,NaN,NaN,NaN,NaN,NaN,NaN,NaN,NaN,NaN,NaN,NaN,NaN,NaN,NaN,NaN,NaN,NaN,NaN
17.0,1.1099469405150996e-11,2.1356157784672185e-8,3.4207055777383056e-7,1.905710683167484e-6,4.207670241059419e-6,7.030775267804466e-6,5.0522100418777875e-5,5.4499816735015035e-5,0.0001739087121336634,0.00045492170382061887,0.0004593281256709782,0.00047695059298451687,0.0006321242876844651,0.0009227531952971723,0.0014375204550288868,0.0015283717394870737,0.002290126574241024,NaN,NaN,NaN,NaN,NaN,NaN,NaN,NaN,NaN,NaN,NaN,NaN,NaN,NaN,NaN,NaN,NaN,NaN,NaN,NaN,NaN,NaN,NaN,NaN,NaN,NaN,NaN,NaN,NaN,NaN,NaN,NaN,NaN,NaN,NaN,NaN,NaN,NaN,NaN,NaN,NaN,NaN,NaN,NaN,NaN,NaN,NaN,NaN,NaN,NaN,NaN,NaN,NaN,NaN,NaN,NaN,NaN,NaN,NaN,NaN,NaN,NaN,NaN,NaN,NaN,NaN,NaN,NaN,NaN,NaN,NaN,NaN,NaN,NaN,NaN,NaN,NaN,NaN,NaN,NaN,NaN,NaN,NaN
18.0,1.5096002049009771e-12,6.219700171959751e-9,1.0463204425540659e-7,4.132743477835011e-7,9.402604592446267e-7,6.543047650165221e-6,2.0197478479635284e-5,2.5312625491103036e-5,0.00010849658641917762,0.00015063636715632265,0.000313817574457103,0.00045911512427216917,0.0005612256501075479,0.0008278173761896728,0.0011744249485763298,0.0014452380780652192,0.0019587604086761484,NaN,NaN,NaN,NaN,NaN,NaN,NaN,NaN,NaN,NaN,NaN,NaN,NaN,NaN,NaN,NaN,NaN,NaN,NaN,NaN,NaN,NaN,NaN,NaN,NaN,NaN,NaN,NaN,NaN,NaN,NaN,NaN,NaN,NaN,NaN,NaN,NaN,NaN,NaN,NaN,NaN,NaN,NaN,NaN,NaN,NaN,NaN,NaN,NaN,NaN,NaN,NaN,NaN,NaN,NaN,NaN,NaN,NaN,NaN,NaN,NaN,NaN,NaN,NaN,NaN,NaN,NaN,NaN,NaN,NaN,NaN,NaN,NaN,NaN,NaN,NaN,NaN,NaN,NaN,NaN,NaN,NaN,NaN
19.0,2.161002258524624e-13,1.7977939518938423e-9,3.3170015593896655e-8,1.005873323999544e-7,2.3927817651827824e-7,5.7677804315747965e-6,8.628308739819015e-6,1.287853232504806e-5,4.570751099722571e-5,0.00014062112201130254,0.00024048769441398018,0.00038661898420084824,0.0005392365069123358,0.000628698877810318,0.001026857574921219,0.0013345522879839988,0.0019123246409075802,0.002419367274006524,NaN,NaN,NaN,NaN,NaN,NaN,NaN,NaN,NaN,NaN,NaN,NaN,NaN,NaN,NaN,NaN,NaN,NaN,NaN,NaN,NaN,NaN,NaN,NaN,NaN,NaN,NaN,NaN,NaN,NaN,NaN,NaN,NaN,NaN,NaN,NaN,NaN,NaN,NaN,NaN,NaN,NaN,NaN,NaN,NaN,NaN,NaN,NaN,NaN,NaN,NaN,NaN,NaN,NaN,NaN,NaN,NaN,NaN,NaN,NaN,NaN,NaN,NaN,NaN,NaN,NaN,NaN,NaN,NaN,NaN,NaN,NaN,NaN,NaN,NaN,NaN,NaN,NaN,NaN,NaN,NaN,NaN
20.0,3.4884836303689536e-14,7.096401253298747e-10,1.4594794041216618e-8,2.7107368142087997e-8,6.738461738789783e-8,2.103915340350088e-6,5.53953265808019e-6,1.047093038672011e-5,1.6238384682106728e-5,0.00011623875063768903,0.00021624198571703205,0.0003427435285912151,0.0005249593480227617,0.0005845938551132167,0.0009326784876482723,0.0010707565422730836,0.0015228985541969758,0.001929556503107113,0.0023941823816090693,NaN,NaN,NaN,NaN,NaN,NaN,NaN,NaN,NaN,NaN,NaN,NaN,NaN,NaN,NaN,NaN,NaN,NaN,NaN,NaN,NaN,NaN,NaN,NaN,NaN,NaN,NaN,NaN,NaN,NaN,NaN,NaN,NaN,NaN,NaN,NaN,NaN,NaN,NaN,NaN,NaN,NaN,NaN,NaN,NaN,NaN,NaN,NaN,NaN,NaN,NaN,NaN,NaN,NaN,NaN,NaN,NaN,NaN,NaN,NaN,NaN,NaN,NaN,NaN,NaN,NaN,NaN,NaN,NaN,NaN,NaN,NaN,NaN,NaN,NaN,NaN,NaN,NaN,NaN,NaN,NaN
21.0,4.352285192952709e-15,1.6209816344449224e-10,3.875828945080602e-9,5.892877551076957e-9,1.53735569698122e-8,6.361023920687178e-7,2.073453012664896e-6,4.78538943002007e-6,4.873354038424322e-6,7.919586305256425e-5,0.00015970141419842542,0.00018947057631279367,0.00042092264501757386,0.0005308581833041037,0.000724725880705364,0.0008024725043647237,0.0009398289857510876,0.0016222246983344547,0.0023373036385096594,NaN,NaN,NaN,NaN,NaN,NaN,NaN,NaN,NaN,NaN,NaN,NaN,NaN,NaN,NaN,NaN,NaN,NaN,NaN,NaN,NaN,NaN,NaN,NaN,NaN,NaN,NaN,NaN,NaN,NaN,NaN,NaN,NaN,NaN,NaN,NaN,NaN,NaN,NaN,NaN,NaN,NaN,NaN,NaN,NaN,NaN,NaN,NaN,NaN,NaN,NaN,NaN,NaN,NaN,NaN,NaN,NaN,NaN,NaN,NaN,NaN,NaN,NaN,NaN,NaN,NaN,NaN,NaN,NaN,NaN,NaN,NaN,NaN,NaN,NaN,NaN,NaN,NaN,NaN,NaN,NaN
22.0,3.6775048462754428e-16,3.2144473251680935e-11,8.137302315152431e-10,8.849876584413931e-10,2.211697363307707e-9,1.1539740049413916e-7,6.7601396652846e-7,8.515428184132395e-7,1.978730933270717e-6,7.108959657894866e-5,7.16194430685648e-5,0.00014327332402532317,0.00018689122523821757,0.0003561137435174998,0.000416739984094594,0.0007406872477530616,0.0009237578453367635,0.0011731319087495925,0.0023231593489700265,0.0027370333015626263,NaN,NaN,NaN,NaN,NaN,NaN,NaN,NaN,NaN,NaN,NaN,NaN,NaN,NaN,NaN,NaN,NaN,NaN,NaN,NaN,NaN,NaN,NaN,NaN,NaN,NaN,NaN,NaN,NaN,NaN,NaN,NaN,NaN,NaN,NaN,NaN,NaN,NaN,NaN,NaN,NaN,NaN,NaN,NaN,NaN,NaN,NaN,NaN,NaN,NaN,NaN,NaN,NaN,NaN,NaN,NaN,NaN,NaN,NaN,NaN,NaN,NaN,NaN,NaN,NaN,NaN,NaN,NaN,NaN,NaN,NaN,NaN,NaN,NaN,NaN,NaN,NaN,NaN,NaN,NaN
23.0,3.8100585494786833e-17,6.0850669709002125e-12,1.1117770943028633e-10,1.80827768111637e-10,3.148183243472997e-10,2.064663330789321e-8,1.4951507060551666e-7,1.8642048310968585e-7,6.456743567231666e-7,2.459748401838766e-5,4.378330709140395e-5,6.896621165520016e-5,0.0001773925307991449,0.000314673596806343,0.00034477665044261544,0.0005684769789409445,0.0005982028046579776,0.0008566093598040626,0.0019560448793369,0.0026488929103045244,NaN,NaN,NaN,NaN,NaN,NaN,NaN,NaN,NaN,NaN,NaN,NaN,NaN,NaN,NaN,NaN,NaN,NaN,NaN,NaN,NaN,NaN,NaN,NaN,NaN,NaN,NaN,NaN,NaN,NaN,NaN,NaN,NaN,NaN,NaN,NaN,NaN,NaN,NaN,NaN,NaN,NaN,NaN,NaN,NaN,NaN,NaN,NaN,NaN,NaN,NaN,NaN,NaN,NaN,NaN,NaN,NaN,NaN,NaN,NaN,NaN,NaN,NaN,NaN,NaN,NaN,NaN,NaN,NaN,NaN,NaN,NaN,NaN,NaN,NaN,NaN,NaN,NaN,NaN,NaN
24.0,2.7810373438768824e-17,1.5022512372894998e-12,1.9370189474207797e-11,4.760416408452509e-11,5.712369126552739e-11,4.694067027668659e-9,3.336518728881239e-8,6.608063871939751e-8,2.701291437032703e-7,1.0627318958045348e-5,3.462723925985992e-5,6.883111394662399e-5,0.00010014437477323759,0.00023342964868684058,0.0003033739027492118,0.00047017578812610006,0.0005906179009221512,0.0007746854771973647,0.001458214861718586,0.0026337753431604216,NaN,NaN,NaN,NaN,NaN,NaN,NaN,NaN,NaN,NaN,NaN,NaN,NaN,NaN,NaN,NaN,NaN,NaN,NaN,NaN,NaN,NaN,NaN,NaN,NaN,NaN,NaN,NaN,NaN,NaN,NaN,NaN,NaN,NaN,NaN,NaN,NaN,NaN,NaN,NaN,NaN,NaN,NaN,NaN,NaN,NaN,NaN,NaN,NaN,NaN,NaN,NaN,NaN,NaN,NaN,NaN,NaN,NaN,NaN,NaN,NaN,NaN,NaN,NaN,NaN,NaN,NaN,NaN,NaN,NaN,NaN,NaN,NaN,NaN,NaN,NaN,NaN,NaN,NaN,NaN
25.0,2.7603336153539748e-17,4.0254273215121184e-13,3.979193894137578e-12,1.2244403685279331e-11,1.341650728625498e-11,1.2745399542008717e-9,8.882687614845178e-9,2.4598255310870033e-8,1.1679939256599422e-7,5.664615013000816e-6,2.2897077783653936e-5,6.295684837068009e-5,6.963368312313295e-5,0.00022195553689884458,0.000242455351970079,0.0004540161720928541,0.0005119553173930534,0.0007254590921743139,0.00140088614225564,0.002482686793144429,NaN,NaN,NaN,NaN,NaN,NaN,NaN,NaN,NaN,NaN,NaN,NaN,NaN,NaN,NaN,NaN,NaN,NaN,NaN,NaN,NaN,NaN,NaN,NaN,NaN,NaN,NaN,NaN,NaN,NaN,NaN,NaN,NaN,NaN,NaN,NaN,NaN,NaN,NaN,NaN,NaN,NaN,NaN,NaN,NaN,NaN,NaN,NaN,NaN,NaN,NaN,NaN,NaN,NaN,NaN,NaN,NaN,NaN,NaN,NaN,NaN,NaN,NaN,NaN,NaN,NaN,NaN,NaN,NaN,NaN,NaN,NaN,NaN,NaN,NaN,NaN,NaN,NaN,NaN,NaN
26.0,2.7467183940901052e-17,1.2329649428525445e-13,7.080916910181091e-13,2.2690261216782404e-12,5.156171269441322e-12,2.974233393565691e-10,2.0331733991208114e-9,1.567487004575527e-8,1.0630475954539197e-7,2.8060047890570966e-6,1.035585793415736e-5,3.8877287017185905e-5,6.574873667182739e-5,0.00018852739772642872,0.0002171495727847072,0.0004340885870945063,0.0005101586872773113,0.000647807620160494,0.0013441147381863933,0.001981969576970437,0.011492383659528286,NaN,NaN,NaN,NaN,NaN,NaN,NaN,NaN,NaN,NaN,NaN,NaN,NaN,NaN,NaN,NaN,NaN,NaN,NaN,NaN,NaN,NaN,NaN,NaN,NaN,NaN,NaN,NaN,NaN,NaN,NaN,NaN,NaN,NaN,NaN,NaN,NaN,NaN,NaN,NaN,NaN,NaN,NaN,NaN,NaN,NaN,NaN,NaN,NaN,NaN,NaN,NaN,NaN,NaN,NaN,NaN,NaN,NaN,NaN,NaN,NaN,NaN,NaN,NaN,NaN,NaN,NaN,NaN,NaN,NaN,NaN,NaN,NaN,NaN,NaN,NaN,NaN,NaN,NaN
27.0,2.7462453965303797e-17,2.991502892621673e-14,1.3214441250302575e-13,4.4236231961920216e-13,1.3989365588126689e-12,7.430013890347398e-11,4.974314885064822e-10,6.0628224427733745e-9,5.239374249872119e-8,1.5832314589273758e-6,7.175330209330558e-6,2.977303854575226e-5,5.7902633567658314e-5,0.0001499008930538142,0.00017895023294562607,0.0003782894374458054,0.00046137322959830456,0.0006214269242451178,0.0012613322150925523,0.0019724830699849503,0.01143933384282505,NaN,NaN,NaN,NaN,NaN,NaN,NaN,NaN,NaN,NaN,NaN,NaN,NaN,NaN,NaN,NaN,NaN,NaN,NaN,NaN,NaN,NaN,NaN,NaN,NaN,NaN,NaN,NaN,NaN,NaN,NaN,NaN,NaN,NaN,NaN,NaN,NaN,NaN,NaN,NaN,NaN,NaN,NaN,NaN,NaN,NaN,NaN,NaN,NaN,NaN,NaN,NaN,NaN,NaN,NaN,NaN,NaN,NaN,NaN,NaN,NaN,NaN,NaN,NaN,NaN,NaN,NaN,NaN,NaN,NaN,NaN,NaN,NaN,NaN,NaN,NaN,NaN,NaN,NaN
28.0,2.73663622686858e-17,8.833823383695717e-15,3.447068024075359e-14,1.2070051400340319e-13,4.2692605536528755e-13,2.6107437076321165e-11,1.711084591257146e-10,2.3860671378265473e-9,2.3796449107463296e-8,1.2173297934287818e-6,7.084755089410667e-6,2.8713992301409052e-5,4.159555028936237e-5,0.00013392633218352147,0.0001491559321353243,0.00026848026912831607,0.00045687911000328273,0.000618171216949263,0.0011962519775539303,0.0019672174603328797,0.011413655782284506,NaN,NaN,NaN,NaN,NaN,NaN,NaN,NaN,NaN,NaN,NaN,NaN,NaN,NaN,NaN,NaN,NaN,NaN,NaN,NaN,NaN,NaN,NaN,NaN,NaN,NaN,NaN,NaN,NaN,NaN,NaN,NaN,NaN,NaN,NaN,NaN,NaN,NaN,NaN,NaN,NaN,NaN,NaN,NaN,NaN,NaN,NaN,NaN,NaN,NaN,NaN,NaN,NaN,NaN,NaN,NaN,NaN,NaN,NaN,NaN,NaN,NaN,NaN,NaN,NaN,NaN,NaN,NaN,NaN,NaN,NaN,NaN,NaN,NaN,NaN,NaN,NaN,NaN,NaN
29.0,2.7248267139843285e-17,1.4845724280971947e-15,6.39219639968704e-15,2.361151908674561e-14,7.764826920194539e-14,6.980773252397413e-12,4.4529494062174745e-11,5.536635369446185e-10,6.250963646564139e-9,1.1366858721695373e-6,3.003507704729868e-6,2.7731547852878958e-5,3.872739816834639e-5,9.238098366484658e-5,0.00014202328003007676,0.0002487495098715436,0.0004097845196556467,0.0006170362134417949,0.0011851129094286473,0.0019471806983566457,0.011391115736170684,NaN,NaN,NaN,NaN,NaN,NaN,NaN,NaN,NaN,NaN,NaN,NaN,NaN,NaN,NaN,NaN,NaN,NaN,NaN,NaN,NaN,NaN,NaN,NaN,NaN,NaN,NaN,NaN,NaN,NaN,NaN,NaN,NaN,NaN,NaN,NaN,NaN,NaN,NaN,NaN,NaN,NaN,NaN,NaN,NaN,NaN,NaN,NaN,NaN,NaN,NaN,NaN,NaN,NaN,NaN,NaN,NaN,NaN,NaN,NaN,NaN,NaN,NaN,NaN,NaN,NaN,NaN,NaN,NaN,NaN,NaN,NaN,NaN,NaN,NaN,NaN,NaN,NaN,NaN
30.0,2.7243686250945307e-17,4.335046010825969e-16,1.0398105719371126e-15,3.9667021730556274e-15,2.597741198397239e-14,1.4458305662727878e-12,9.065125958412923e-12,2.7273653574410216e-10,3.8627507141204515e-9,4.6152686306568167e-7,2.0692250215635273e-6,2.382837985528455e-5,2.7831916274279383e-5,7.491525809000153e-5,9.600662192942086e-5,0.00017517108881517,0.0003667939097057296,0.0006112873689744819,0.0011622618298215708,0.0019124939580097932,0.011204120055037556,NaN,NaN,NaN,NaN,NaN,NaN,NaN,NaN,NaN,NaN,NaN,NaN,NaN,NaN,NaN,NaN,NaN,NaN,NaN,NaN,NaN,NaN,NaN,NaN,NaN,NaN,NaN,NaN,NaN,NaN,NaN,NaN,NaN,NaN,NaN,NaN,NaN,NaN,NaN,NaN,NaN,NaN,NaN,NaN,NaN,NaN,NaN,NaN,NaN,NaN,NaN,NaN,NaN,NaN,NaN,NaN,NaN,NaN,NaN,NaN,NaN,NaN,NaN,NaN,NaN,NaN,NaN,NaN,NaN,NaN,NaN,NaN,NaN,NaN,NaN,NaN,NaN,NaN,NaN
31.0,2.7102845347615035e-17,1.584946782477812e-16,2.092035807592343e-16,7.561432345214697e-16,1.1048660519382138e-14,3.2834838279994137e-13,2.0262421207201696e-12,1.8415506675789064e-10,3.5787973299055285e-9,1.751362216423738e-7,1.7720945739697935e-6,1.0049119500463388e-5,2.4474128399401595e-5,4.2246194606818665e-5,7.791415600637688e-5,0.00016536940873266727,0.0002877734650181641,0.0005786067080670353,0.0011303171364986095,0.0018250568620922854,0.004297240084548191,NaN,NaN,NaN,NaN,NaN,NaN,NaN,NaN,NaN,NaN,NaN,NaN,NaN,NaN,NaN,NaN,NaN,NaN,NaN,NaN,NaN,NaN,NaN,NaN,NaN,NaN,NaN,NaN,NaN,NaN,NaN,NaN,NaN,NaN,NaN,NaN,NaN,NaN,NaN,NaN,NaN,NaN,NaN,NaN,NaN,NaN,NaN,NaN,NaN,NaN,NaN,NaN,NaN,NaN,NaN,NaN,NaN,NaN,NaN,NaN,NaN,NaN,NaN,NaN,NaN,NaN,NaN,NaN,NaN,NaN,NaN,NaN,NaN,NaN,NaN,NaN,NaN,NaN,NaN
32.0,2.6956732473514314e-17,5.683411438609407e-17,1.002047236151269e-16,2.0321834369508757e-16,3.210384998137823e-15,8.005979972779395e-14,4.858361572631759e-13,7.465241106481067e-11,1.8342324724362248e-9,6.906858188525271e-8,1.6242509712543297e-6,9.363923692558186e-6,1.9696126674361995e-5,4.191423349633023e-5,7.612841642442141e-5,0.00011688941387038325,0.00028711788819717334,0.0005654703970118726,0.001094887256135174,0.001815013060643664,0.0038877098413300495,NaN,NaN,NaN,NaN,NaN,NaN,NaN,NaN,NaN,NaN,NaN,NaN,NaN,NaN,NaN,NaN,NaN,NaN,NaN,NaN,NaN,NaN,NaN,NaN,NaN,NaN,NaN,NaN,NaN,NaN,NaN,NaN,NaN,NaN,NaN,NaN,NaN,NaN,NaN,NaN,NaN,NaN,NaN,NaN,NaN,NaN,NaN,NaN,NaN,NaN,NaN,NaN,NaN,NaN,NaN,NaN,NaN,NaN,NaN,NaN,NaN,NaN,NaN,NaN,NaN,NaN,NaN,NaN,NaN,NaN,NaN,NaN,NaN,NaN,NaN,NaN,NaN,NaN,NaN
33.0,2.6609728076479504e-17,4.2593327331865445e-17,9.464901708964373e-17,1.4227327715799176e-16,4.930337631173585e-16,2.1176126216588048e-14,1.249182116134174e-13,1.4542911420137926e-11,4.0620263616408244e-10,4.892462279933191e-8,4.291964944200397e-7,7.054347959844348e-6,1.883232315764827e-5,3.9135306899619674e-5,5.795771674383768e-5,5.934229765969247e-5,0.00016834267294285705,0.0005651110371510543,0.0010849437947895865,0.0017602305581070619,0.0029232384582540973,NaN,NaN,NaN,NaN,NaN,NaN,NaN,NaN,NaN,NaN,NaN,NaN,NaN,NaN,NaN,NaN,NaN,NaN,NaN,NaN,NaN,NaN,NaN,NaN,NaN,NaN,NaN,NaN,NaN,NaN,NaN,NaN,NaN,NaN,NaN,NaN,NaN,NaN,NaN,NaN,NaN,NaN,NaN,NaN,NaN,NaN,NaN,NaN,NaN,NaN,NaN,NaN,NaN,NaN,NaN,NaN,NaN,NaN,NaN,NaN,NaN,NaN,NaN,NaN,NaN,NaN,NaN,NaN,NaN,NaN,NaN,NaN,NaN,NaN,NaN,NaN,NaN,NaN,NaN
34.0,2.659574771732252e-17,4.256974585167711e-17,7.857567613644304e-17,9.496847978205982e-17,1.3945652541640751e-16,2.73090660455469e-15,1.579454093787347e-14,2.6335501542621567e-12,8.51956607240981e-11,1.8292951297539356e-8,1.8523196351212033e-7,1.8793971548948632e-6,1.1617907509757401e-5,1.1754872248217149e-5,1.4351298150804315e-5,1.675934485752142e-5,0.00015316149435916726,0.0005533782112800043,0.0010614089038893419,0.001728866727963222,0.0027653124237658477,NaN,NaN,NaN,NaN,NaN,NaN,NaN,NaN,NaN,NaN,NaN,NaN,NaN,NaN,NaN,NaN,NaN,NaN,NaN,NaN,NaN,NaN,NaN,NaN,NaN,NaN,NaN,NaN,NaN,NaN,NaN,NaN,NaN,NaN,NaN,NaN,NaN,NaN,NaN,NaN,NaN,NaN,NaN,NaN,NaN,NaN,NaN,NaN,NaN,NaN,NaN,NaN,NaN,NaN,NaN,NaN,NaN,NaN,NaN,NaN,NaN,NaN,NaN,NaN,NaN,NaN,NaN,NaN,NaN,NaN,NaN,NaN,NaN,NaN,NaN,NaN,NaN,NaN,NaN
35.0,2.6556858751320053e-17,4.155773295243224e-17,5.0395187548369124e-17,9.455925241646541e-17,1.3941764907144848e-16,4.4000939369816354e-16,2.45592968789677e-15,5.402174808400251e-13,2.002062214451212e-11,1.4878389453814845e-8,8.668895388837103e-8,5.909510826760626e-7,3.354234628721234e-6,4.321316960562293e-6,6.385754252145692e-6,9.629973542678284e-6,0.00010635329134384585,0.0005249509709326924,0.0010548744342926452,0.001727741108433794,0.002762484550325189,NaN,NaN,NaN,NaN,NaN,NaN,NaN,NaN,NaN,NaN,NaN,NaN,NaN,NaN,NaN,NaN,NaN,NaN,NaN,NaN,NaN,NaN,NaN,NaN,NaN,NaN,NaN,NaN,NaN,NaN,NaN,NaN,NaN,NaN,NaN,NaN,NaN,NaN,NaN,NaN,NaN,NaN,NaN,NaN,NaN,NaN,NaN,NaN,NaN,NaN,NaN,NaN,NaN,NaN,NaN,NaN,NaN,NaN,NaN,NaN,NaN,NaN,NaN,NaN,NaN,NaN,NaN,NaN,NaN,NaN,NaN,NaN,NaN,NaN,NaN,NaN,NaN,NaN,NaN
36.0,2.646405914277423e-17,4.113363949272739e-17,5.0198677635029264e-17,9.423146596598992e-17,1.3227805504606436e-16,1.3963403578460357e-16,5.791171689322216e-16,1.2701299979422112e-13,5.295067634964205e-12,1.3168552953684004e-8,4.0383096723094043e-8,1.992053064144756e-7,1.1986413407420425e-6,3.123051023235633e-6,5.979089138109009e-6,9.593739194469521e-6,8.451016848105258e-5,0.0004615905520602373,0.0010229109508395138,0.0016380784383363321,0.002727908942823506,0.012285166064260911,NaN,NaN,NaN,NaN,NaN,NaN,NaN,NaN,NaN,NaN,NaN,NaN,NaN,NaN,NaN,NaN,NaN,NaN,NaN,NaN,NaN,NaN,NaN,NaN,NaN,NaN,NaN,NaN,NaN,NaN,NaN,NaN,NaN,NaN,NaN,NaN,NaN,NaN,NaN,NaN,NaN,NaN,NaN,NaN,NaN,NaN,NaN,NaN,NaN,NaN,NaN,NaN,NaN,NaN,NaN,NaN,NaN,NaN,NaN,NaN,NaN,NaN,NaN,NaN,NaN,NaN,NaN,NaN,NaN,NaN,NaN,NaN,NaN,NaN,NaN,NaN,NaN,NaN
37.0,2.633756102599015e-17,4.108563399215795e-17,5.0167103113997684e-17,7.765069574756295e-17,9.459734531596207e-17,1.3954412610689066e-16,1.6823115003109546e-16,2.465974054014928e-14,1.1485367267950706e-12,1.046488955787725e-8,3.999064738441017e-8,7.881802721747983e-8,1.1191991830033135e-6,2.9053265995406162e-6,5.32325932656342e-6,8.984478441359102e-6,7.471608070430143e-5,0.0004302238947954027,0.0010086739456148309,0.0016339337694907226,0.0026694895853989144,0.012167062755960481,NaN,NaN,NaN,NaN,NaN,NaN,NaN,NaN,NaN,NaN,NaN,NaN,NaN,NaN,NaN,NaN,NaN,NaN,NaN,NaN,NaN,NaN,NaN,NaN,NaN,NaN,NaN,NaN,NaN,NaN,NaN,NaN,NaN,NaN,NaN,NaN,NaN,NaN,NaN,NaN,NaN,NaN,NaN,NaN,NaN,NaN,NaN,NaN,NaN,NaN,NaN,NaN,NaN,NaN,NaN,NaN,NaN,NaN,NaN,NaN,NaN,NaN,NaN,NaN,NaN,NaN,NaN,NaN,NaN,NaN,NaN,NaN,NaN,NaN,NaN,NaN,NaN,NaN
38.0,2.6264111409238963e-17,4.056427624568696e-17,4.969366259940148e-17,7.75893268409209e-17,9.316818964121473e-17,9.594201325170597e-17,1.40539812025571e-16,5.172961549300503e-15,5.367518892765487e-13,9.94205395994439e-9,3.458211297205069e-8,7.40275819204863e-8,1.0571395971161917e-6,2.648903275862859e-6,5.3075790123639975e-6,8.868625445245229e-6,7.367503730452012e-5,0.0003585337169109627,0.0009943552849502623,0.0016206456566591756,0.002665137211787122,0.012111575941309544,NaN,NaN,NaN,NaN,NaN,NaN,NaN,NaN,NaN,NaN,NaN,NaN,NaN,NaN,NaN,NaN,NaN,NaN,NaN,NaN,NaN,NaN,NaN,NaN,NaN,NaN,NaN,NaN,NaN,NaN,NaN,NaN,NaN,NaN,NaN,NaN,NaN,NaN,NaN,NaN,NaN,NaN,NaN,NaN,NaN,NaN,NaN,NaN,NaN,NaN,NaN,NaN,NaN,NaN,NaN,NaN,NaN,NaN,NaN,NaN,NaN,NaN,NaN,NaN,NaN,NaN,NaN,NaN,NaN,NaN,NaN,NaN,NaN,NaN,NaN,NaN,NaN,NaN
39.0,2.6256034673339493e-17,4.049868813794045e-17,4.9668181185260024e-17,7.656130765083756e-17,9.206842965111036e-17,9.548508806938714e-17,1.401732328540667e-16,4.300958640099611e-15,4.984973690084935e-13,9.06571394378899e-9,2.9781935399731488e-8,7.315011838170434e-8,1.0170743084443858e-6,2.5567250920806752e-6,5.191939556134799e-6,8.795550446152197e-6,5.9782456805137226e-5,0.0003344307402292026,0.0009895251241336983,0.0015644793881133049,0.0026628424126441497,0.011900043469531146,NaN,NaN,NaN,NaN,NaN,NaN,NaN,NaN,NaN,NaN,NaN,NaN,NaN,NaN,NaN,NaN,NaN,NaN,NaN,NaN,NaN,NaN,NaN,NaN,NaN,NaN,NaN,NaN,NaN,NaN,NaN,NaN,NaN,NaN,NaN,NaN,NaN,NaN,NaN,NaN,NaN,NaN,NaN,NaN,NaN,NaN,NaN,NaN,NaN,NaN,NaN,NaN,NaN,NaN,NaN,NaN,NaN,NaN,NaN,NaN,NaN,NaN,NaN,NaN,NaN,NaN,NaN,NaN,NaN,NaN,NaN,NaN,NaN,NaN,NaN,NaN,NaN,NaN
40.0,2.62418693957941e-17,4.040418757043679e-17,4.935488636411457e-17,7.640304341406652e-17,9.175096842258271e-17,9.531579303088173e-17,1.401491669106759e-16,1.119243356418131e-15,4.928725384487898e-13,8.801636271368443e-9,2.954030351116399e-8,6.230210700249028e-8,9.864031181726671e-7,2.5362691403410596e-6,4.974123693777723e-6,8.619756963848392e-6,5.7189038332024984e-5,0.0002638583715388385,0.000978348652311584,0.0015017838160927771,0.0026531574018445556,0.011515153581219378,NaN,NaN,NaN,NaN,NaN,NaN,NaN,NaN,NaN,NaN,NaN,NaN,NaN,NaN,NaN,NaN,NaN,NaN,NaN,NaN,NaN,NaN,NaN,NaN,NaN,NaN,NaN,NaN,NaN,NaN,NaN,NaN,NaN,NaN,NaN,NaN,NaN,NaN,NaN,NaN,NaN,NaN,NaN,NaN,NaN,NaN,NaN,NaN,NaN,NaN,NaN,NaN,NaN,NaN,NaN,NaN,NaN,NaN,NaN,NaN,NaN,NaN,NaN,NaN,NaN,NaN,NaN,NaN,NaN,NaN,NaN,NaN,NaN,NaN,NaN,NaN,NaN,NaN
41.0,2.618398803748357e-17,4.020574361129897e-17,4.924738417617137e-17,7.629052700551502e-17,8.756099368102424e-17,9.523713371663597e-17,1.4013781672424148e-16,3.741731550419075e-16,4.705362680175466e-13,8.184719092215524e-9,2.9214258848230164e-8,5.709074179116849e-8,9.698041722192245e-7,1.8433308200682429e-6,4.252489124960291e-6,8.54327683939425e-6,5.120868213920383e-5,0.0002607940775587144,0.0009327801622782433,0.0014957992354905421,0.0026307731331250204,0.01141756920271851,NaN,NaN,NaN,NaN,NaN,NaN,NaN,NaN,NaN,NaN,NaN,NaN,NaN,NaN,NaN,NaN,NaN,NaN,NaN,NaN,NaN,NaN,NaN,NaN,NaN,NaN,NaN,NaN,NaN,NaN,NaN,NaN,NaN,NaN,NaN,NaN,NaN,NaN,NaN,NaN,NaN,NaN,NaN,NaN,NaN,NaN,NaN,NaN,NaN,NaN,NaN,NaN,NaN,NaN,NaN,NaN,NaN,NaN,NaN,NaN,NaN,NaN,NaN,NaN,NaN,NaN,NaN,NaN,NaN,NaN,NaN,NaN,NaN,NaN,NaN,NaN,NaN,NaN
42.0,2.6145721110251778e-17,4.0134106392096195e-17,4.905867444147836e-17,7.591032885538662e-17,8.754343667128786e-17,9.522046544729422e-17,1.4010925754259901e-16,3.72573238286513e-16,4.5421338004586926e-13,7.542060125648197e-9,2.8570152592555725e-8,5.4671901056284644e-8,7.185651850073384e-7,1.4055391189507104e-6,3.502729766827629e-6,8.01292622696084e-6,4.322971702434173e-5,0.0002526956046498942,0.0009278990019034699,0.0014477160258521392,0.00257799063684495,0.011411234452936025,NaN,NaN,NaN,NaN,NaN,NaN,NaN,NaN,NaN,NaN,NaN,NaN,NaN,NaN,NaN,NaN,NaN,NaN,NaN,NaN,NaN,NaN,NaN,NaN,NaN,NaN,NaN,NaN,NaN,NaN,NaN,NaN,NaN,NaN,NaN,NaN,NaN,NaN,NaN,NaN,NaN,NaN,NaN,NaN,NaN,NaN,NaN,NaN,NaN,NaN,NaN,NaN,NaN,NaN,NaN,NaN,NaN,NaN,NaN,NaN,NaN,NaN,NaN,NaN,NaN,NaN,NaN,NaN,NaN,NaN,NaN,NaN,NaN,NaN,NaN,NaN,NaN,NaN
43.0,2.6115883701241433e-17,4.002436800704071e-17,4.9007560147141e-17,7.564649075414403e-17,8.690077633567453e-17,9.519437231793115e-17,1.4007569820824056e-16,3.721811738162757e-16,4.5355396392302196e-13,6.779177303983359e-9,2.7341491977569162e-8,5.299041236980428e-8,5.351267184504737e-7,1.3553916145049236e-6,1.6089874201903781e-6,7.817248569140971e-6,4.2757195161256124e-5,0.00021770734467649598,0.0009227289021967386,0.0014209574606690349,0.002552469066651584,0.011400995326046354,NaN,NaN,NaN,NaN,NaN,NaN,NaN,NaN,NaN,NaN,NaN,NaN,NaN,NaN,NaN,NaN,NaN,NaN,NaN,NaN,NaN,NaN,NaN,NaN,NaN,NaN,NaN,NaN,NaN,NaN,NaN,NaN,NaN,NaN,NaN,NaN,NaN,NaN,NaN,NaN,NaN,NaN,NaN,NaN,NaN,NaN,NaN,NaN,NaN,NaN,NaN,NaN,NaN,NaN,NaN,NaN,NaN,NaN,NaN,NaN,NaN,NaN,NaN,NaN,NaN,NaN,NaN,NaN,NaN,NaN,NaN,NaN,NaN,NaN,NaN,NaN,NaN,NaN
44.0,2.6067529599535318e-17,3.9974231957800907e-17,4.8922973636554815e-17,7.563049189969849e-17,8.634451171294545e-17,9.517622638055879e-17,1.4007416568898078e-16,3.717421743352926e-16,4.463599780751993e-13,4.822758942348259e-9,2.6677572260024446e-8,5.058478040793577e-8,2.714759382927438e-7,5.145446301051506e-7,7.573288589060129e-7,7.420427993031511e-6,4.197611669423457e-5,0.00021529468062453993,0.0008541531478914225,0.0013899556361669512,0.0025325030196354415,0.011365304147273044,NaN,NaN,NaN,NaN,NaN,NaN,NaN,NaN,NaN,NaN,NaN,NaN,NaN,NaN,NaN,NaN,NaN,NaN,NaN,NaN,NaN,NaN,NaN,NaN,NaN,NaN,NaN,NaN,NaN,NaN,NaN,NaN,NaN,NaN,NaN,NaN,NaN,NaN,NaN,NaN,NaN,NaN,NaN,NaN,NaN,NaN,NaN,NaN,NaN,NaN,NaN,NaN,NaN,NaN,NaN,NaN,NaN,NaN,NaN,NaN,NaN,NaN,NaN,NaN,NaN,NaN,NaN,NaN,NaN,NaN,NaN,NaN,NaN,NaN,NaN,NaN,NaN,NaN
45.0,2.6048174819440137e-17,3.994919220984746e-17,4.886850571666205e-17,7.561166300718239e-17,8.627627808789517e-17,9.514963461810984e-17,1.4002836195259934e-16,3.7160046560937896e-16,4.2944072618457494e-13,4.509917896493282e-9,2.596423312465326e-8,5.048495255292533e-8,2.1751222431853567e-7,4.7385158230948434e-7,7.484958767283678e-7,7.294493462137407e-6,4.020018061919023e-5,0.0002122906346607615,0.0008132808609903834,0.0013288614459737232,0.00252429491844305,0.011363261435094639,NaN,NaN,NaN,NaN,NaN,NaN,NaN,NaN,NaN,NaN,NaN,NaN,NaN,NaN,NaN,NaN,NaN,NaN,NaN,NaN,NaN,NaN,NaN,NaN,NaN,NaN,NaN,NaN,NaN,NaN,NaN,NaN,NaN,NaN,NaN,NaN,NaN,NaN,NaN,NaN,NaN,NaN,NaN,NaN,NaN,NaN,NaN,NaN,NaN,NaN,NaN,NaN,NaN,NaN,NaN,NaN,NaN,NaN,NaN,NaN,NaN,NaN,NaN,NaN,NaN,NaN,NaN,NaN,NaN,NaN,NaN,NaN,NaN,NaN,NaN,NaN,NaN,NaN
46.0,2.6038851110913198e-17,3.978974913439939e-17,4.884424296646279e-17,7.555407694341588e-17,8.62522200401456e-17,9.512536234144649e-17,1.4001281383305258e-16,3.703261199494277e-16,4.257205131768207e-13,4.438453472506319e-9,2.56781129765296e-8,5.0339338821242124e-8,1.9864065560226333e-7,4.495461763362088e-7,6.563146038124943e-7,6.640690374940809e-6,3.9472608524406453e-5,0.0002064824977038218,0.0007823887900406279,0.0013269799260707382,0.002485168174470854,0.011181694960084775,NaN,NaN,NaN,NaN,NaN,NaN,NaN,NaN,NaN,NaN,NaN,NaN,NaN,NaN,NaN,NaN,NaN,NaN,NaN,NaN,NaN,NaN,NaN,NaN,NaN,NaN,NaN,NaN,NaN,NaN,NaN,NaN,NaN,NaN,NaN,NaN,NaN,NaN,NaN,NaN,NaN,NaN,NaN,NaN,NaN,NaN,NaN,NaN,NaN,NaN,NaN,NaN,NaN,NaN,NaN,NaN,NaN,NaN,NaN,NaN,NaN,NaN,NaN,NaN,NaN,NaN,NaN,NaN,NaN,NaN,NaN,NaN,NaN,NaN,NaN,NaN,NaN,NaN
47.0,2.6031273773697877e-17,3.972926520853485e-17,4.8761580397338226e-17,7.534911712963998e-17,8.624044189802921e-17,9.512070894582564e-17,1.3997214190471865e-16,3.6959782856572335e-16,4.1604033289397694e-13,4.405317980476111e-9,2.509366664595307e-8,4.8812558776806015e-8,1.9372014760440422e-7,4.0422340900005366e-7,4.3000645870621413e-7,6.638460734057971e-6,3.547441310344628e-5,0.0001890599523440178,0.0007690826417273124,0.0012077842341181176,0.002478587334541694,0.011047119503224458,NaN,NaN,NaN,NaN,NaN,NaN,NaN,NaN,NaN,NaN,NaN,NaN,NaN,NaN,NaN,NaN,NaN,NaN,NaN,NaN,NaN,NaN,NaN,NaN,NaN,NaN,NaN,NaN,NaN,NaN,NaN,NaN,NaN,NaN,NaN,NaN,NaN,NaN,NaN,NaN,NaN,NaN,NaN,NaN,NaN,NaN,NaN,NaN,NaN,NaN,NaN,NaN,NaN,NaN,NaN,NaN,NaN,NaN,NaN,NaN,NaN,NaN,NaN,NaN,NaN,NaN,NaN,NaN,NaN,NaN,NaN,NaN,NaN,NaN,NaN,NaN,NaN,NaN
48.0,2.60127771127239e-17,3.9611792766719957e-17,4.857343027001396e-17,7.532648631783523e-17,8.613712327455221e-17,9.509755864073374e-17,1.3995088292738462e-16,3.6950021728511054e-16,4.0751741580100316e-13,4.315508961013437e-9,2.394950383792249e-8,4.530723359006242e-8,1.8099425678384282e-7,3.736544405077153e-7,4.28676754330077e-7,6.6164714047426625e-6,3.501138115647318e-5,0.00018691324673443473,0.0007658391389264835,0.0011776215138516249,0.002469391064896005,0.010962209636832938,NaN,NaN,NaN,NaN,NaN,NaN,NaN,NaN,NaN,NaN,NaN,NaN,NaN,NaN,NaN,NaN,NaN,NaN,NaN,NaN,NaN,NaN,NaN,NaN,NaN,NaN,NaN,NaN,NaN,NaN,NaN,NaN,NaN,NaN,NaN,NaN,NaN,NaN,NaN,NaN,NaN,NaN,NaN,NaN,NaN,NaN,NaN,NaN,NaN,NaN,NaN,NaN,NaN,NaN,NaN,NaN,NaN,NaN,NaN,NaN,NaN,NaN,NaN,NaN,NaN,NaN,NaN,NaN,NaN,NaN,NaN,NaN,NaN,NaN,NaN,NaN,NaN,NaN
49.0,2.5988874974359368e-17,3.951074223137008e-17,4.8571340341829434e-17,7.511215520632215e-17,8.600699873498034e-17,9.509557969533224e-17,1.3993596415978097e-16,3.692078159266272e-16,4.048686606691877e-13,4.305941395247111e-9,2.302582769466407e-8,4.517206530102952e-8,1.6405284025479576e-7,3.688445948091719e-7,4.2349546691277077e-7,6.5817354312425025e-6,3.464661912662542e-5,0.00018557738623097301,0.0007590930621641041,0.0011047591162805244,0.0024494819579984456,0.010954085644408692,NaN,NaN,NaN,NaN,NaN,NaN,NaN,NaN,NaN,NaN,NaN,NaN,NaN,NaN,NaN,NaN,NaN,NaN,NaN,NaN,NaN,NaN,NaN,NaN,NaN,NaN,NaN,NaN,NaN,NaN,NaN,NaN,NaN,NaN,NaN,NaN,NaN,NaN,NaN,NaN,NaN,NaN,NaN,NaN,NaN,NaN,NaN,NaN,NaN,NaN,NaN,NaN,NaN,NaN,NaN,NaN,NaN,NaN,NaN,NaN,NaN,NaN,NaN,NaN,NaN,NaN,NaN,NaN,NaN,NaN,NaN,NaN,NaN,NaN,NaN,NaN,NaN,NaN
50.0,2.5957372971186914e-17,3.949330440975899e-17,4.855392543470467e-17,7.50782646127126e-17,8.598897759576633e-17,9.509434815793329e-17,1.399316418070612e-16,3.691314225136857e-16,3.8105802686962066e-13,4.298228545417629e-9,2.212341847720514e-8,4.451434664883108e-8,1.3685829954559046e-7,3.0552153981004537e-7,3.9517180292378163e-7,6.382944710860356e-6,3.3791570575102426e-5,0.00017189864392232497,0.000756638383004859,0.0010979088959380105,0.0024151371289937796,0.00541152394011506,NaN,NaN,NaN,NaN,NaN,NaN,NaN,NaN,NaN,NaN,NaN,NaN,NaN,NaN,NaN,NaN,NaN,NaN,NaN,NaN,NaN,NaN,NaN,NaN,NaN,NaN,NaN,NaN,NaN,NaN,NaN,NaN,NaN,NaN,NaN,NaN,NaN,NaN,NaN,NaN,NaN,NaN,NaN,NaN,NaN,NaN,NaN,NaN,NaN,NaN,NaN,NaN,NaN,NaN,NaN,NaN,NaN,NaN,NaN,NaN,NaN,NaN,NaN,NaN,NaN,NaN,NaN,NaN,NaN,NaN,NaN,NaN,NaN,NaN,NaN,NaN,NaN,NaN
51.0,2.5952396425974328e-17,3.9431501040305433e-17,4.853582577644889e-17,7.507365549628222e-17,8.591292374219229e-17,9.507678840346056e-17,1.3992382958201146e-16,3.6855748161350097e-16,3.790959944646214e-13,4.008823548069664e-9,2.1761783304746996e-8,4.1137845913701065e-8,1.3424880878892764e-7,2.995501609695209e-7,3.5419542759765916e-7,6.294148601191586e-6,3.149247299824927e-5,0.00016038512021685888,0.0007468801104934423,0.0010829359300385541,0.002408444290827688,0.0034710478299962433,NaN,NaN,NaN,NaN,NaN,NaN,NaN,NaN,NaN,NaN,NaN,NaN,NaN,NaN,NaN,NaN,NaN,NaN,NaN,NaN,NaN,NaN,NaN,NaN,NaN,NaN,NaN,NaN,NaN,NaN,NaN,NaN,NaN,NaN,NaN,NaN,NaN,NaN,NaN,NaN,NaN,NaN,NaN,NaN,NaN,NaN,NaN,NaN,NaN,NaN,NaN,NaN,NaN,NaN,NaN,NaN,NaN,NaN,NaN,NaN,NaN,NaN,NaN,NaN,NaN,NaN,NaN,NaN,NaN,NaN,NaN,NaN,NaN,NaN,NaN,NaN,NaN,NaN
52.0,2.5943688129896463e-17,3.9374605944749486e-17,4.84741507326216e-17,7.498277764568869e-17,8.573608817110804e-17,9.50655621818642e-17,1.3991440819716996e-16,3.685534939011974e-16,3.743783215611781e-13,4.001559123573187e-9,2.1457828799247978e-8,4.092926891285853e-8,1.3332315724226643e-7,1.6883347330248908e-7,2.695654703984519e-7,6.1368148606595816e-6,3.1104143492202135e-5,0.0001598920754256965,0.0007418684177417939,0.0010824369581566818,0.0023860274745464392,0.0030864738079783628,NaN,NaN,NaN,NaN,NaN,NaN,NaN,NaN,NaN,NaN,NaN,NaN,NaN,NaN,NaN,NaN,NaN,NaN,NaN,NaN,NaN,NaN,NaN,NaN,NaN,NaN,NaN,NaN,NaN,NaN,NaN,NaN,NaN,NaN,NaN,NaN,NaN,NaN,NaN,NaN,NaN,NaN,NaN,NaN,NaN,NaN,NaN,NaN,NaN,NaN,NaN,NaN,NaN,NaN,NaN,NaN,NaN,NaN,NaN,NaN,NaN,NaN,NaN,NaN,NaN,NaN,NaN,NaN,NaN,NaN,NaN,NaN,NaN,NaN,NaN,NaN,NaN,NaN
53.0,2.5928996103430142e-17,3.934563310499409e-17,4.8461263315950096e-17,7.49256434414482e-17,8.565478874987682e-17,9.503925319212119e-17,1.3986896870736254e-16,3.685403457026038e-16,3.634905103777895e-13,3.986370385320887e-9,2.1368639702726828e-8,4.091734707374136e-8,1.2570181172662719e-7,1.6279293875324928e-7,2.426169765723005e-7,6.120019624381013e-6,3.046625737257779e-5,0.000153148108949938,0.0007104754747937969,0.0010573621907083246,0.0023603711503889864,0.0030598009235721165,NaN,NaN,NaN,NaN,NaN,NaN,NaN,NaN,NaN,NaN,NaN,NaN,NaN,NaN,NaN,NaN,NaN,NaN,NaN,NaN,NaN,NaN,NaN,NaN,NaN,NaN,NaN,NaN,NaN,NaN,NaN,NaN,NaN,NaN,NaN,NaN,NaN,NaN,NaN,NaN,NaN,NaN,NaN,NaN,NaN,NaN,NaN,NaN,NaN,NaN,NaN,NaN,NaN,NaN,NaN,NaN,NaN,NaN,NaN,NaN,NaN,NaN,NaN,NaN,NaN,NaN,NaN,NaN,NaN,NaN,NaN,NaN,NaN,NaN,NaN,NaN,NaN,NaN
54.0,2.5865019879672046e-17,3.930818822890053e-17,4.834190495849277e-17,7.48761812581172e-17,8.557526496666979e-17,9.503905864202324e-17,1.3984793968163415e-16,3.684630769230725e-16,3.526242601882667e-13,3.860991674272327e-9,2.0280858449433848e-8,3.860788143153508e-8,1.0872974498962722e-7,1.4666482491857287e-7,2.2995231928930782e-7,6.019047827083181e-6,2.9651217409959984e-5,0.00015070980793228199,0.0007076901930873294,0.0010248935193118587,0.002342592353445988,0.003051060990731434,0.012330353530514,NaN,NaN,NaN,NaN,NaN,NaN,NaN,NaN,NaN,NaN,NaN,NaN,NaN,NaN,NaN,NaN,NaN,NaN,NaN,NaN,NaN,NaN,NaN,NaN,NaN,NaN,NaN,NaN,NaN,NaN,NaN,NaN,NaN,NaN,NaN,NaN,NaN,NaN,NaN,NaN,NaN,NaN,NaN,NaN,NaN,NaN,NaN,NaN,NaN,NaN,NaN,NaN,NaN,NaN,NaN,NaN,NaN,NaN,NaN,NaN,NaN,NaN,NaN,NaN,NaN,NaN,NaN,NaN,NaN,NaN,NaN,NaN,NaN,NaN,NaN,NaN,NaN
55.0,2.5853333766841993e-17,3.9237672886834693e-17,4.8157882969365184e-17,7.484942000256473e-17,8.535337859408946e-17,9.50290058535437e-17,1.398459307205214e-16,3.6844857662319176e-16,3.4471742077950343e-13,3.84774110833139e-9,1.9577538251875418e-8,3.8410260810748876e-8,1.069501164012181e-7,1.4417324338692405e-7,2.264835658764714e-7,5.930419495240416e-6,2.921230905933633e-5,0.00014615205947750206,0.0007045245988027792,0.0010141975740992617,0.0023325598973825833,0.00298870561256709,0.012311424692925108,NaN,NaN,NaN,NaN,NaN,NaN,NaN,NaN,NaN,NaN,NaN,NaN,NaN,NaN,NaN,NaN,NaN,NaN,NaN,NaN,NaN,NaN,NaN,NaN,NaN,NaN,NaN,NaN,NaN,NaN,NaN,NaN,NaN,NaN,NaN,NaN,NaN,NaN,NaN,NaN,NaN,NaN,NaN,NaN,NaN,NaN,NaN,NaN,NaN,NaN,NaN,NaN,NaN,NaN,NaN,NaN,NaN,NaN,NaN,NaN,NaN,NaN,NaN,NaN,NaN,NaN,NaN,NaN,NaN,NaN,NaN,NaN,NaN,NaN,NaN,NaN,NaN
56.0,2.585267064229887e-17,3.9193943179629444e-17,4.806029576367687e-17,7.481580617320844e-17,8.523376558811123e-17,9.500271221569356e-17,1.3984357405570487e-16,3.683765602290039e-16,3.3576151464328776e-13,3.76532623012196e-9,1.9478443174802328e-8,3.821260656039312e-8,1.0578345969140683e-7,1.4212281267147795e-7,2.0927490029515843e-7,5.920720008341481e-6,2.8337507934988157e-5,0.00013365720303673082,0.0006927362524601117,0.0009950063440600143,0.002298877416773856,0.0029264056550204844,0.012307235375348275,NaN,NaN,NaN,NaN,NaN,NaN,NaN,NaN,NaN,NaN,NaN,NaN,NaN,NaN,NaN,NaN,NaN,NaN,NaN,NaN,NaN,NaN,NaN,NaN,NaN,NaN,NaN,NaN,NaN,NaN,NaN,NaN,NaN,NaN,NaN,NaN,NaN,NaN,NaN,NaN,NaN,NaN,NaN,NaN,NaN,NaN,NaN,NaN,NaN,NaN,NaN,NaN,NaN,NaN,NaN,NaN,NaN,NaN,NaN,NaN,NaN,NaN,NaN,NaN,NaN,NaN,NaN,NaN,NaN,NaN,NaN,NaN,NaN,NaN,NaN,NaN,NaN
57.0,2.5784009724033778e-17,3.918101062881423e-17,4.798308322823408e-17,7.46792064137518e-17,8.522711310637057e-17,9.49940434256367e-17,1.398401156856491e-16,3.6837635081978258e-16,3.2766447180094507e-13,3.694116195687004e-9,1.9020700941259178e-8,3.683518044468192e-8,1.0304034694195612e-7,1.4084060509948217e-7,2.0782021292295952e-7,5.9149327564118525e-6,2.8252586870928038e-5,0.00012835805460828677,0.0006886218662752063,0.0009708838663710707,0.002223572488744122,0.0028870184615374084,0.012268853183282158,NaN,NaN,NaN,NaN,NaN,NaN,NaN,NaN,NaN,NaN,NaN,NaN,NaN,NaN,NaN,NaN,NaN,NaN,NaN,NaN,NaN,NaN,NaN,NaN,NaN,NaN,NaN,NaN,NaN,NaN,NaN,NaN,NaN,NaN,NaN,NaN,NaN,NaN,NaN,NaN,NaN,NaN,NaN,NaN,NaN,NaN,NaN,NaN,NaN,NaN,NaN,NaN,NaN,NaN,NaN,NaN,NaN,NaN,NaN,NaN,NaN,NaN,NaN,NaN,NaN,NaN,NaN,NaN,NaN,NaN,NaN,NaN,NaN,NaN,NaN,NaN,NaN
58.0,2.5767101911472203e-17,3.916119714751124e-17,4.783776670636813e-17,7.463245656345382e-17,8.520495434285534e-17,9.4993555745193e-17,1.398170202035669e-16,3.6776311817737215e-16,3.2764971220594785e-13,3.649427331893987e-9,1.8467618044051193e-8,3.682902625626821e-8,1.0281104709192628e-7,1.3240910184591126e-7,2.048187554719875e-7,5.894148975896309e-6,2.7920153969779706e-5,0.00012707973781009296,0.0006420752548870725,0.0009572750474229233,0.002146752456228606,0.0028862982267415693,0.01216564970794688,NaN,NaN,NaN,NaN,NaN,NaN,NaN,NaN,NaN,NaN,NaN,NaN,NaN,NaN,NaN,NaN,NaN,NaN,NaN,NaN,NaN,NaN,NaN,NaN,NaN,NaN,NaN,NaN,NaN,NaN,NaN,NaN,NaN,NaN,NaN,NaN,NaN,NaN,NaN,NaN,NaN,NaN,NaN,NaN,NaN,NaN,NaN,NaN,NaN,NaN,NaN,NaN,NaN,NaN,NaN,NaN,NaN,NaN,NaN,NaN,NaN,NaN,NaN,NaN,NaN,NaN,NaN,NaN,NaN,NaN,NaN,NaN,NaN,NaN,NaN,NaN,NaN
59.0,2.5708210557363915e-17,3.9113035699143124e-17,4.780789958953353e-17,7.462376780416868e-17,8.514548727920493e-17,9.499312291101814e-17,1.3980604158618411e-16,3.6762443308897695e-16,3.232890524849036e-13,3.5184621949561448e-9,1.8244311032443398e-8,3.653411788180498e-8,1.0242854155194411e-7,1.2985320674969838e-7,2.0104573557663478e-7,5.8251467378514764e-6,2.7388496187685435e-5,0.00012615737374402767,0.0006340576328987419,0.0009080501982645309,0.002105561985460401,0.0028613514809525792,0.012116952404644494,NaN,NaN,NaN,NaN,NaN,NaN,NaN,NaN,NaN,NaN,NaN,NaN,NaN,NaN,NaN,NaN,NaN,NaN,NaN,NaN,NaN,NaN,NaN,NaN,NaN,NaN,NaN,NaN,NaN,NaN,NaN,NaN,NaN,NaN,NaN,NaN,NaN,NaN,NaN,NaN,NaN,NaN,NaN,NaN,NaN,NaN,NaN,NaN,NaN,NaN,NaN,NaN,NaN,NaN,NaN,NaN,NaN,NaN,NaN,NaN,NaN,NaN,NaN,NaN,NaN,NaN,NaN,NaN,NaN,NaN,NaN,NaN,NaN,NaN,NaN,NaN,NaN
60.0,2.5706154463862687e-17,3.9061269197628193e-17,4.7794175874818224e-17,7.451013523081129e-17,8.513415334044408e-17,9.499288050920217e-17,1.397888303887096e-16,3.675899236030508e-16,3.0921112014541254e-13,3.512954908168839e-9,1.7761136356544278e-8,3.612336849790286e-8,1.0056661142640125e-7,1.2331684067882276e-7,1.995340087330064e-7,5.676307726262953e-6,2.7212267707402734e-5,0.0001254632553148177,0.0006265151868892955,0.0008734655592453628,0.002011085632436987,0.002837203000132174,0.012033438994177402,NaN,NaN,NaN,NaN,NaN,NaN,NaN,NaN,NaN,NaN,NaN,NaN,NaN,NaN,NaN,NaN,NaN,NaN,NaN,NaN,NaN,NaN,NaN,NaN,NaN,NaN,NaN,NaN,NaN,NaN,NaN,NaN,NaN,NaN,NaN,NaN,NaN,NaN,NaN,NaN,NaN,NaN,NaN,NaN,NaN,NaN,NaN,NaN,NaN,NaN,NaN,NaN,NaN,NaN,NaN,NaN,NaN,NaN,NaN,NaN,NaN,NaN,NaN,NaN,NaN,NaN,NaN,NaN,NaN,NaN,NaN,NaN,NaN,NaN,NaN,NaN,NaN
61.0,2.5654622069070714e-17,3.90352303801019e-17,4.7750617239235494e-17,7.438615173474089e-17,8.508962567842867e-17,9.497654165363621e-17,1.3976768105241268e-16,3.6758840743903083e-16,3.0679526693052906e-13,3.48466408159076e-9,1.7322124621016503e-8,3.505576650652176e-8,9.838392835769433e-8,1.2313923626005104e-7,1.9809073176931352e-7,5.6351016877104755e-6,2.4999602315006775e-5,0.0001253265752084591,0.0005998099673862551,0.0008698118657565727,0.001972878247635101,0.002798387893607252,0.011943157880371901,NaN,NaN,NaN,NaN,NaN,NaN,NaN,NaN,NaN,NaN,NaN,NaN,NaN,NaN,NaN,NaN,NaN,NaN,NaN,NaN,NaN,NaN,NaN,NaN,NaN,NaN,NaN,NaN,NaN,NaN,NaN,NaN,NaN,NaN,NaN,NaN,NaN,NaN,NaN,NaN,NaN,NaN,NaN,NaN,NaN,NaN,NaN,NaN,NaN,NaN,NaN,NaN,NaN,NaN,NaN,NaN,NaN,NaN,NaN,NaN,NaN,NaN,NaN,NaN,NaN,NaN,NaN,NaN,NaN,NaN,NaN,NaN,NaN,NaN,NaN,NaN,NaN
62.0,2.560557197210283e-17,3.902763884284045e-17,4.7699786937034e-17,7.430675716564e-17,8.493008754903268e-17,9.49546913307215e-17,1.3976593029675034e-16,3.675515400390088e-16,3.037354264299359e-13,3.4084133302745284e-9,1.7319780501552208e-8,3.356859129533672e-8,9.796886373268578e-8,1.223086643658085e-7,1.9777209582476705e-7,5.486989536046322e-6,2.499598011318261e-5,0.00012184560202867341,0.0005943488522771234,0.0008482787565081671,0.0019717741325534447,0.002780157235237178,0.011787827996250494,NaN,NaN,NaN,NaN,NaN,NaN,NaN,NaN,NaN,NaN,NaN,NaN,NaN,NaN,NaN,NaN,NaN,NaN,NaN,NaN,NaN,NaN,NaN,NaN,NaN,NaN,NaN,NaN,NaN,NaN,NaN,NaN,NaN,NaN,NaN,NaN,NaN,NaN,NaN,NaN,NaN,NaN,NaN,NaN,NaN,NaN,NaN,NaN,NaN,NaN,NaN,NaN,NaN,NaN,NaN,NaN,NaN,NaN,NaN,NaN,NaN,NaN,NaN,NaN,NaN,NaN,NaN,NaN,NaN,NaN,NaN,NaN,NaN,NaN,NaN,NaN,NaN
63.0,2.5559676900383765e-17,3.9022398400853766e-17,4.7662310187192185e-17,7.41725969945033e-17,8.492752201010479e-17,9.493517018424055e-17,1.3976575689713874e-16,3.672324975657355e-16,2.9542374631772186e-13,3.3430595986049215e-9,1.6834309358280593e-8,3.328227256322023e-8,9.749594801019933e-8,1.218505659080159e-7,1.963924476702352e-7,5.473126343318677e-6,2.4759383570659895e-5,0.00011944430646423916,0.0005853582919502434,0.0008463275811853018,0.0019326446780456494,0.002723471186228548,0.01160351328941306,NaN,NaN,NaN,NaN,NaN,NaN,NaN,NaN,NaN,NaN,NaN,NaN,NaN,NaN,NaN,NaN,NaN,NaN,NaN,NaN,NaN,NaN,NaN,NaN,NaN,NaN,NaN,NaN,NaN,NaN,NaN,NaN,NaN,NaN,NaN,NaN,NaN,NaN,NaN,NaN,NaN,NaN,NaN,NaN,NaN,NaN,NaN,NaN,NaN,NaN,NaN,NaN,NaN,NaN,NaN,NaN,NaN,NaN,NaN,NaN,NaN,NaN,NaN,NaN,NaN,NaN,NaN,NaN,NaN,NaN,NaN,NaN,NaN,NaN,NaN,NaN,NaN
64.0,2.5525218623599153e-17,3.899047028585764e-17,4.750913502848177e-17,7.415443754514678e-17,8.491304535884164e-17,9.493398257951894e-17,1.397598946656633e-16,3.671943140428023e-16,2.9529521541528965e-13,3.315244442638242e-9,1.68314385029622e-8,3.317695752523082e-8,9.585738794091962e-8,1.1591002472105987e-7,1.9514379190751957e-7,5.445403372159009e-6,2.437617120574226e-5,0.00011755378950064443,0.0005754648876936984,0.0008409245569282632,0.0019138282507304154,0.0027232756591544236,0.011593114406368336,NaN,NaN,NaN,NaN,NaN,NaN,NaN,NaN,NaN,NaN,NaN,NaN,NaN,NaN,NaN,NaN,NaN,NaN,NaN,NaN,NaN,NaN,NaN,NaN,NaN,NaN,NaN,NaN,NaN,NaN,NaN,NaN,NaN,NaN,NaN,NaN,NaN,NaN,NaN,NaN,NaN,NaN,NaN,NaN,NaN,NaN,NaN,NaN,NaN,NaN,NaN,NaN,NaN,NaN,NaN,NaN,NaN,NaN,NaN,NaN,NaN,NaN,NaN,NaN,NaN,NaN,NaN,NaN,NaN,NaN,NaN,NaN,NaN,NaN,NaN,NaN,NaN
65.0,2.5512170952163412e-17,3.892024908576858e-17,4.7497546935730777e-17,7.415297143390645e-17,8.488093549813629e-17,9.492179176930797e-17,1.3975130377992947e-16,3.671683462506061e-16,2.939449130249447e-13,3.3052634153946696e-9,1.6691316602646993e-8,3.3082845939771083e-8,9.538743404427986e-8,1.1502899791798717e-7,1.9462772514865483e-7,5.324645667647116e-6,2.325004358007662e-5,0.00011026308286945451,0.0005666756794050553,0.0008331619314208003,0.0019131739699862031,0.002715654771936169,0.011587157511667542,NaN,NaN,NaN,NaN,NaN,NaN,NaN,NaN,NaN,NaN,NaN,NaN,NaN,NaN,NaN,NaN,NaN,NaN,NaN,NaN,NaN,NaN,NaN,NaN,NaN,NaN,NaN,NaN,NaN,NaN,NaN,NaN,NaN,NaN,NaN,NaN,NaN,NaN,NaN,NaN,NaN,NaN,NaN,NaN,NaN,NaN,NaN,NaN,NaN,NaN,NaN,NaN,NaN,NaN,NaN,NaN,NaN,NaN,NaN,NaN,NaN,NaN,NaN,NaN,NaN,NaN,NaN,NaN,NaN,NaN,NaN,NaN,NaN,NaN,NaN,NaN,NaN
66.0,2.5456515813679138e-17,3.8883679967688454e-17,4.7479523686338434e-17,7.41453314761869e-17,8.471011639809526e-17,9.491628092402235e-17,1.3975090728166863e-16,3.6630144021416937e-16,2.8770043265284356e-13,3.2648444973851322e-9,1.63457592394606e-8,3.190531814377939e-8,9.212852747585391e-8,1.0830959790398723e-7,1.8744433835335263e-7,5.060683268699134e-6,2.2031401828668304e-5,0.00010861628871322187,0.0005406624495144055,0.0008147837710383516,0.001909161908135311,0.0026901425160551578,0.011530257709376015,NaN,NaN,NaN,NaN,NaN,NaN,NaN,NaN,NaN,NaN,NaN,NaN,NaN,NaN,NaN,NaN,NaN,NaN,NaN,NaN,NaN,NaN,NaN,NaN,NaN,NaN,NaN,NaN,NaN,NaN,NaN,NaN,NaN,NaN,NaN,NaN,NaN,NaN,NaN,NaN,NaN,NaN,NaN,NaN,NaN,NaN,NaN,NaN,NaN,NaN,NaN,NaN,NaN,NaN,NaN,NaN,NaN,NaN,NaN,NaN,NaN,NaN,NaN,NaN,NaN,NaN,NaN,NaN,NaN,NaN,NaN,NaN,NaN,NaN,NaN,NaN,NaN
67.0,2.5450734022542747e-17,3.888163392130224e-17,4.7372575901874226e-17,7.414106152869274e-17,8.469339868698896e-17,9.491228483905591e-17,1.3972361436835404e-16,3.6617877741630594e-16,2.7740188453257537e-13,3.2386721998289124e-9,1.549431784538284e-8,3.183029398004682e-8,9.076651423435326e-8,1.0820438248134544e-7,1.855338323709003e-7,4.764698760646451e-6,2.1674859599089862e-5,0.00010597480742670946,0.0005315577611456377,0.0007942142798924322,0.0018603628695925498,0.002683307723460896,0.011518007883955019,NaN,NaN,NaN,NaN,NaN,NaN,NaN,NaN,NaN,NaN,NaN,NaN,NaN,NaN,NaN,NaN,NaN,NaN,NaN,NaN,NaN,NaN,NaN,NaN,NaN,NaN,NaN,NaN,NaN,NaN,NaN,NaN,NaN,NaN,NaN,NaN,NaN,NaN,NaN,NaN,NaN,NaN,NaN,NaN,NaN,NaN,NaN,NaN,NaN,NaN,NaN,NaN,NaN,NaN,NaN,NaN,NaN,NaN,NaN,NaN,NaN,NaN,NaN,NaN,NaN,NaN,NaN,NaN,NaN,NaN,NaN,NaN,NaN,NaN,NaN,NaN,NaN
68.0,2.539569342553296e-17,3.8875097854506915e-17,4.7328927216148025e-17,7.412734984398913e-17,8.469057615072626e-17,9.490412901174393e-17,1.3972351692687625e-16,3.641577272941958e-16,2.7716320371198495e-13,3.194534157653157e-9,1.548908360990613e-8,3.1792282516871795e-8,9.041516742585562e-8,1.0779586549503224e-7,1.8204411964581786e-7,4.74537162297996e-6,2.1632079195853586e-5,0.00010555623326089305,0.0005306216038563304,0.0007796520978841227,0.0018540808978064686,0.0026265102569691477,0.011215560596428573,NaN,NaN,NaN,NaN,NaN,NaN,NaN,NaN,NaN,NaN,NaN,NaN,NaN,NaN,NaN,NaN,NaN,NaN,NaN,NaN,NaN,NaN,NaN,NaN,NaN,NaN,NaN,NaN,NaN,NaN,NaN,NaN,NaN,NaN,NaN,NaN,NaN,NaN,NaN,NaN,NaN,NaN,NaN,NaN,NaN,NaN,NaN,NaN,NaN,NaN,NaN,NaN,NaN,NaN,NaN,NaN,NaN,NaN,NaN,NaN,NaN,NaN,NaN,NaN,NaN,NaN,NaN,NaN,NaN,NaN,NaN,NaN,NaN,NaN,NaN,NaN,NaN
69.0,2.5275944565922955e-17,3.884194195637919e-17,4.732344454022296e-17,7.40977554667356e-17,8.465730501710027e-17,9.49035655543895e-17,1.3968681819530308e-16,3.632897712437787e-16,2.6090527211861483e-13,3.1253197258417316e-9,1.5280313021238913e-8,3.177686596947886e-8,8.885392269288587e-8,1.0765006939794026e-7,1.7734845462328042e-7,4.645545175652032e-6,2.112743743422135e-5,0.00010388623359789678,0.000515338696885533,0.0007629098119598599,0.00176739200119402,0.002600530762459549,0.004277720710318311,NaN,NaN,NaN,NaN,NaN,NaN,NaN,NaN,NaN,NaN,NaN,NaN,NaN,NaN,NaN,NaN,NaN,NaN,NaN,NaN,NaN,NaN,NaN,NaN,NaN,NaN,NaN,NaN,NaN,NaN,NaN,NaN,NaN,NaN,NaN,NaN,NaN,NaN,NaN,NaN,NaN,NaN,NaN,NaN,NaN,NaN,NaN,NaN,NaN,NaN,NaN,NaN,NaN,NaN,NaN,NaN,NaN,NaN,NaN,NaN,NaN,NaN,NaN,NaN,NaN,NaN,NaN,NaN,NaN,NaN,NaN,NaN,NaN,NaN,NaN,NaN,NaN
70.0,2.5266305106491706e-17,3.8685380913876845e-17,4.727406617427583e-17,7.405694269682243e-17,8.45105656622646e-17,9.485260455501579e-17,1.396784598860547e-16,3.6326683353754133e-16,2.528545911116675e-13,3.0971341590179244e-9,1.5014621994544963e-8,3.1159559188524154e-8,8.839934888223019e-8,1.0557810890588164e-7,1.763063427062252e-7,4.545890145335743e-6,2.0802267768111447e-5,0.00010282448598659984,0.0005039314353485097,0.0007561306132104409,0.001752820721939366,0.0025976262770738153,0.003606057826989193,NaN,NaN,NaN,NaN,NaN,NaN,NaN,NaN,NaN,NaN,NaN,NaN,NaN,NaN,NaN,NaN,NaN,NaN,NaN,NaN,NaN,NaN,NaN,NaN,NaN,NaN,NaN,NaN,NaN,NaN,NaN,NaN,NaN,NaN,NaN,NaN,NaN,NaN,NaN,NaN,NaN,NaN,NaN,NaN,NaN,NaN,NaN,NaN,NaN,NaN,NaN,NaN,NaN,NaN,NaN,NaN,NaN,NaN,NaN,NaN,NaN,NaN,NaN,NaN,NaN,NaN,NaN,NaN,NaN,NaN,NaN,NaN,NaN,NaN,NaN,NaN,NaN
71.0,2.5217458507646142e-17,3.860481746773544e-17,4.7267407837295735e-17,7.400838538466664e-17,8.445220893249342e-17,9.484073668537299e-17,1.396628904282424e-16,3.632433144980785e-16,2.502290231883328e-13,3.079582189841365e-9,1.4586757849083312e-8,3.094216779811965e-8,8.714448762109936e-8,1.040938543593782e-7,1.7420607201154343e-7,4.506345500187558e-6,2.0754796523205945e-5,0.00010003765807671887,0.000503331401788639,0.0007482255361303038,0.0017295935850487757,0.0024967204523340556,0.0034594992250872873,NaN,NaN,NaN,NaN,NaN,NaN,NaN,NaN,NaN,NaN,NaN,NaN,NaN,NaN,NaN,NaN,NaN,NaN,NaN,NaN,NaN,NaN,NaN,NaN,NaN,NaN,NaN,NaN,NaN,NaN,NaN,NaN,NaN,NaN,NaN,NaN,NaN,NaN,NaN,NaN,NaN,NaN,NaN,NaN,NaN,NaN,NaN,NaN,NaN,NaN,NaN,NaN,NaN,NaN,NaN,NaN,NaN,NaN,NaN,NaN,NaN,NaN,NaN,NaN,NaN,NaN,NaN,NaN,NaN,NaN,NaN,NaN,NaN,NaN,NaN,NaN,NaN
72.0,2.5188016147140777e-17,3.8546338066632316e-17,4.7260640987159883e-17,7.395496518397795e-17,8.44472374171234e-17,9.483970815373574e-17,1.3964152319846741e-16,3.6262898402077855e-16,2.4596873709321716e-13,3.0322899771262616e-9,1.416408260402395e-8,3.022385026108915e-8,8.631472776213578e-8,1.0304772261513021e-7,1.7361987985951183e-7,4.485995371469747e-6,2.0602320712860976e-5,9.904837510066074e-5,0.0005012917409253905,0.0007425484499695664,0.0017089644873650035,0.0024689168227600895,0.0034033184101500483,0.012353261084353402,NaN,NaN,NaN,NaN,NaN,NaN,NaN,NaN,NaN,NaN,NaN,NaN,NaN,NaN,NaN,NaN,NaN,NaN,NaN,NaN,NaN,NaN,NaN,NaN,NaN,NaN,NaN,NaN,NaN,NaN,NaN,NaN,NaN,NaN,NaN,NaN,NaN,NaN,NaN,NaN,NaN,NaN,NaN,NaN,NaN,NaN,NaN,NaN,NaN,NaN,NaN,NaN,NaN,NaN,NaN,NaN,NaN,NaN,NaN,NaN,NaN,NaN,NaN,NaN,NaN,NaN,NaN,NaN,NaN,NaN,NaN,NaN,NaN,NaN,NaN,NaN
73.0,2.5164295008660798e-17,3.852115601220765e-17,4.721908102041559e-17,7.394391393759874e-17,8.441531325522103e-17,9.483173011619926e-17,1.3961490852753562e-16,3.6256940801665163e-16,2.3646497047738124e-13,3.0065883521883766e-9,1.3952354240164435e-8,2.8622063987257035e-8,8.445112554149377e-8,1.0109006099988795e-7,1.685166294827968e-7,4.263349214345135e-6,2.0587456615526766e-5,9.714840936470446e-5,0.0005006158795253914,0.0007337582298757872,0.0015589554982199747,0.0024664132746150275,0.0031723279015486794,0.01234655412767288,NaN,NaN,NaN,NaN,NaN,NaN,NaN,NaN,NaN,NaN,NaN,NaN,NaN,NaN,NaN,NaN,NaN,NaN,NaN,NaN,NaN,NaN,NaN,NaN,NaN,NaN,NaN,NaN,NaN,NaN,NaN,NaN,NaN,NaN,NaN,NaN,NaN,NaN,NaN,NaN,NaN,NaN,NaN,NaN,NaN,NaN,NaN,NaN,NaN,NaN,NaN,NaN,NaN,NaN,NaN,NaN,NaN,NaN,NaN,NaN,NaN,NaN,NaN,NaN,NaN,NaN,NaN,NaN,NaN,NaN,NaN,NaN,NaN,NaN,NaN,NaN
74.0,2.516314936767489e-17,3.8511868763044e-17,4.713940990362922e-17,7.38909197725953e-17,8.441124449103615e-17,9.481856387096309e-17,1.3959795718191397e-16,3.624702101215094e-16,2.3572237695857693e-13,2.9673551839355992e-9,1.3906822523302013e-8,2.8512353123135126e-8,8.011142729212686e-8,9.699219956085528e-8,1.5938293759524041e-7,4.261448208032586e-6,1.9832852826338726e-5,9.302060090634526e-5,0.0005002990327699961,0.0007302092412131162,0.0015265909368024513,0.0024390815510773566,0.003090443484276541,0.01234598638414846,NaN,NaN,NaN,NaN,NaN,NaN,NaN,NaN,NaN,NaN,NaN,NaN,NaN,NaN,NaN,NaN,NaN,NaN,NaN,NaN,NaN,NaN,NaN,NaN,NaN,NaN,NaN,NaN,NaN,NaN,NaN,NaN,NaN,NaN,NaN,NaN,NaN,NaN,NaN,NaN,NaN,NaN,NaN,NaN,NaN,NaN,NaN,NaN,NaN,NaN,NaN,NaN,NaN,NaN,NaN,NaN,NaN,NaN,NaN,NaN,NaN,NaN,NaN,NaN,NaN,NaN,NaN,NaN,NaN,NaN,NaN,NaN,NaN,NaN,NaN,NaN
75.0,2.5152428320257643e-17,3.8418740406740106e-17,4.7119568141627363e-17,7.383502953532172e-17,8.44016290242009e-17,9.477778279020197e-17,1.3959654293462032e-16,3.6228419883211226e-16,2.337661937185193e-13,2.9492119940110083e-9,1.2818826403387862e-8,2.848966327871126e-8,7.323786231850331e-8,9.462143543309201e-8,1.5681513449935922e-7,4.2480806467598905e-6,1.9074190155722563e-5,8.982478092100165e-5,0.0004941124015625471,0.0007243489068243975,0.0014113602162924104,0.0024287246400269457,0.002979835999723927,0.012344007048961318,NaN,NaN,NaN,NaN,NaN,NaN,NaN,NaN,NaN,NaN,NaN,NaN,NaN,NaN,NaN,NaN,NaN,NaN,NaN,NaN,NaN,NaN,NaN,NaN,NaN,NaN,NaN,NaN,NaN,NaN,NaN,NaN,NaN,NaN,NaN,NaN,NaN,NaN,NaN,NaN,NaN,NaN,NaN,NaN,NaN,NaN,NaN,NaN,NaN,NaN,NaN,NaN,NaN,NaN,NaN,NaN,NaN,NaN,NaN,NaN,NaN,NaN,NaN,NaN,NaN,NaN,NaN,NaN,NaN,NaN,NaN,NaN,NaN,NaN,NaN,NaN
76.0,2.514523883921233e-17,3.8410965915719855e-17,4.7116775660105336e-17,7.374098757699159e-17,8.438514134332402e-17,9.476447641918921e-17,1.3959162807446428e-16,3.6212625814932784e-16,2.3091158942524675e-13,2.948043578515872e-9,1.2700492408137908e-8,2.840375048766947e-8,7.100868284131495e-8,8.972580705968572e-8,1.5657970935530104e-7,4.2408016886612756e-6,1.8933277096740386e-5,8.905431295753652e-5,0.0004723303864392746,0.0007073859990036493,0.001317043225473945,0.002420290850895777,0.002955462958222313,0.012341900298525386,NaN,NaN,NaN,NaN,NaN,NaN,NaN,NaN,NaN,NaN,NaN,NaN,NaN,NaN,NaN,NaN,NaN,NaN,NaN,NaN,NaN,NaN,NaN,NaN,NaN,NaN,NaN,NaN,NaN,NaN,NaN,NaN,NaN,NaN,NaN,NaN,NaN,NaN,NaN,NaN,NaN,NaN,NaN,NaN,NaN,NaN,NaN,NaN,NaN,NaN,NaN,NaN,NaN,NaN,NaN,NaN,NaN,NaN,NaN,NaN,NaN,NaN,NaN,NaN,NaN,NaN,NaN,NaN,NaN,NaN,NaN,NaN,NaN,NaN,NaN,NaN
77.0,2.5088362990267245e-17,3.8405322542505307e-17,4.7047610822541236e-17,7.366214193274454e-17,8.43383127246266e-17,9.476291729074957e-17,1.3958485987910074e-16,3.6202300893611316e-16,2.2698832290696955e-13,2.872493949386239e-9,1.2494023278410487e-8,2.8177901471999214e-8,6.91367955405747e-8,8.937628401652965e-8,1.5644161616030424e-7,4.189302473702028e-6,1.7501892021807948e-5,8.689622493080726e-5,0.00044373418599442704,0.0007067685094555422,0.0012266253435167902,0.0024005236381695965,0.0029097100725215186,0.01234035472621277,NaN,NaN,NaN,NaN,NaN,NaN,NaN,NaN,NaN,NaN,NaN,NaN,NaN,NaN,NaN,NaN,NaN,NaN,NaN,NaN,NaN,NaN,NaN,NaN,NaN,NaN,NaN,NaN,NaN,NaN,NaN,NaN,NaN,NaN,NaN,NaN,NaN,NaN,NaN,NaN,NaN,NaN,NaN,NaN,NaN,NaN,NaN,NaN,NaN,NaN,NaN,NaN,NaN,NaN,NaN,NaN,NaN,NaN,NaN,NaN,NaN,NaN,NaN,NaN,NaN,NaN,NaN,NaN,NaN,NaN,NaN,NaN,NaN,NaN,NaN,NaN
78.0,2.50875783009825e-17,3.8388694624419003e-17,4.7002885314462197e-17,7.363853913638483e-17,8.433520567963004e-17,9.476162747245682e-17,1.3956375781018598e-16,3.605668055212069e-16,2.2331281237606275e-13,2.7997294322231455e-9,1.1258687820442394e-8,2.7530373917445736e-8,6.850365254229053e-8,8.816754532611728e-8,1.5385746893601148e-7,4.115987402093813e-6,1.6893010984163814e-5,7.448067511918192e-5,0.0004428919433374545,0.0006357429405786067,0.0011210927116458871,0.0023983435336944058,0.0029051113212819153,0.01233828025070695,NaN,NaN,NaN,NaN,NaN,NaN,NaN,NaN,NaN,NaN,NaN,NaN,NaN,NaN,NaN,NaN,NaN,NaN,NaN,NaN,NaN,NaN,NaN,NaN,NaN,NaN,NaN,NaN,NaN,NaN,NaN,NaN,NaN,NaN,NaN,NaN,NaN,NaN,NaN,NaN,NaN,NaN,NaN,NaN,NaN,NaN,NaN,NaN,NaN,NaN,NaN,NaN,NaN,NaN,NaN,NaN,NaN,NaN,NaN,NaN,NaN,NaN,NaN,NaN,NaN,NaN,NaN,NaN,NaN,NaN,NaN,NaN,NaN,NaN,NaN,NaN
79.0,2.504704925931027e-17,3.834722882091668e-17,4.697309464525048e-17,7.361949217237929e-17,8.433368338049972e-17,9.475662297826724e-17,1.3950702608651766e-16,3.599583821129414e-16,2.205666741211336e-13,2.782960123627565e-9,1.0853621113575616e-8,2.6742505303290034e-8,6.765351254410283e-8,8.7019297711584e-8,1.4973624504700657e-7,3.89947472217908e-6,1.6366714638576467e-5,7.348283101962567e-5,0.0004325396506824726,0.0006302551673765542,0.0010389269319713667,0.0023956087862860936,0.002893317168795118,0.012338190122903759,NaN,NaN,NaN,NaN,NaN,NaN,NaN,NaN,NaN,NaN,NaN,NaN,NaN,NaN,NaN,NaN,NaN,NaN,NaN,NaN,NaN,NaN,NaN,NaN,NaN,NaN,NaN,NaN,NaN,NaN,NaN,NaN,NaN,NaN,NaN,NaN,NaN,NaN,NaN,NaN,NaN,NaN,NaN,NaN,NaN,NaN,NaN,NaN,NaN,NaN,NaN,NaN,NaN,NaN,NaN,NaN,NaN,NaN,NaN,NaN,NaN,NaN,NaN,NaN,NaN,NaN,NaN,NaN,NaN,NaN,NaN,NaN,NaN,NaN,NaN,NaN
80.0,2.502465546530225e-17,3.832752920664058e-17,4.687569949190449e-17,7.359140173175903e-17,8.432302397961159e-17,9.474019058589434e-17,1.3950330658767393e-16,3.5974546858187043e-16,2.179353547240485e-13,2.7644751080503865e-9,9.953780662081659e-9,2.594037234111609e-8,6.687048102155209e-8,8.404031610717183e-8,1.4782006648970372e-7,3.896415661144495e-6,1.6098044958756235e-5,7.161275857370135e-5,0.00042757969570064085,0.0006044143569129789,0.0009673640939386387,0.002395440772571741,0.0028054020777701955,0.012337609516236326,NaN,NaN,NaN,NaN,NaN,NaN,NaN,NaN,NaN,NaN,NaN,NaN,NaN,NaN,NaN,NaN,NaN,NaN,NaN,NaN,NaN,NaN,NaN,NaN,NaN,NaN,NaN,NaN,NaN,NaN,NaN,NaN,NaN,NaN,NaN,NaN,NaN,NaN,NaN,NaN,NaN,NaN,NaN,NaN,NaN,NaN,NaN,NaN,NaN,NaN,NaN,NaN,NaN,NaN,NaN,NaN,NaN,NaN,NaN,NaN,NaN,NaN,NaN,NaN,NaN,NaN,NaN,NaN,NaN,NaN,NaN,NaN,NaN,NaN,NaN,NaN
81.0,2.502250843651789e-17,3.832303093366634e-17,4.6808466693991275e-17,7.357847789559402e-17,8.431855741751912e-17,9.470096950466937e-17,1.3943349921086508e-16,3.59715425307855e-16,1.8804918843577826e-13,2.729691568617717e-9,9.816618407839851e-9,2.5916445687717854e-8,6.585597130468861e-8,8.30664369787351e-8,1.4374820367918005e-7,3.87609147709559e-6,1.4624963843175471e-5,6.938634989412165e-5,0.0004072758807995236,0.0005719616248116509,0.0009655161988263408,0.0023896882024630893,0.002792735687572077,0.01231744427033866,NaN,NaN,NaN,NaN,NaN,NaN,NaN,NaN,NaN,NaN,NaN,NaN,NaN,NaN,NaN,NaN,NaN,NaN,NaN,NaN,NaN,NaN,NaN,NaN,NaN,NaN,NaN,NaN,NaN,NaN,NaN,NaN,NaN,NaN,NaN,NaN,NaN,NaN,NaN,NaN,NaN,NaN,NaN,NaN,NaN,NaN,NaN,NaN,NaN,NaN,NaN,NaN,NaN,NaN,NaN,NaN,NaN,NaN,NaN,NaN,NaN,NaN,NaN,NaN,NaN,NaN,NaN,NaN,NaN,NaN,NaN,NaN,NaN,NaN,NaN,NaN
82.0,2.5007104618974176e-17,3.823948385788331e-17,4.6781239126437784e-17,7.357688700368175e-17,8.431247355860347e-17,9.470004152891413e-17,1.3942738690541937e-16,3.5952310591375475e-16,1.7037832656479698e-13,2.7068107011262055e-9,8.86665667992579e-9,2.591246426401635e-8,6.504511909487855e-8,8.044547197611171e-8,1.3742552163028146e-7,3.817182238338619e-6,1.4544077428410529e-5,6.92682075687104e-5,0.0003937617330319967,0.0005391296638091543,0.0009569003856841338,0.002388365472846271,0.002785620738185155,0.012306098176626014,NaN,NaN,NaN,NaN,NaN,NaN,NaN,NaN,NaN,NaN,NaN,NaN,NaN,NaN,NaN,NaN,NaN,NaN,NaN,NaN,NaN,NaN,NaN,NaN,NaN,NaN,NaN,NaN,NaN,NaN,NaN,NaN,NaN,NaN,NaN,NaN,NaN,NaN,NaN,NaN,NaN,NaN,NaN,NaN,NaN,NaN,NaN,NaN,NaN,NaN,NaN,NaN,NaN,NaN,NaN,NaN,NaN,NaN,NaN,NaN,NaN,NaN,NaN,NaN,NaN,NaN,NaN,NaN,NaN,NaN,NaN,NaN,NaN,NaN,NaN,NaN
83.0,2.4986373382311177e-17,3.8179070108511755e-17,4.676657091884572e-17,7.356099535970216e-17,8.430556176074631e-17,9.469063233654818e-17,1.393662552004708e-16,3.591716273014134e-16,1.6352427248671593e-13,2.7011850862926535e-9,8.642552522898798e-9,2.5408161643871718e-8,6.420684712120495e-8,7.718034529348943e-8,1.3667258751082662e-7,3.775471016702482e-6,1.4151029073845067e-5,6.916617102763102e-5,0.0003910330913445416,0.0005386374943276431,0.000905630446301029,0.0023829652806667185,0.002785209211675646,0.012276600181886886,NaN,NaN,NaN,NaN,NaN,NaN,NaN,NaN,NaN,NaN,NaN,NaN,NaN,NaN,NaN,NaN,NaN,NaN,NaN,NaN,NaN,NaN,NaN,NaN,NaN,NaN,NaN,NaN,NaN,NaN,NaN,NaN,NaN,NaN,NaN,NaN,NaN,NaN,NaN,NaN,NaN,NaN,NaN,NaN,NaN,NaN,NaN,NaN,NaN,NaN,NaN,NaN,NaN,NaN,NaN,NaN,NaN,NaN,NaN,NaN,NaN,NaN,NaN,NaN,NaN,NaN,NaN,NaN,NaN,NaN,NaN,NaN,NaN,NaN,NaN,NaN
84.0,2.4927584924023607e-17,3.817416690111608e-17,4.647344213130748e-17,7.352833580806274e-17,8.428805814780024e-17,9.468424511512549e-17,1.3936056799089407e-16,3.5899835768145065e-16,1.6219749364535448e-13,2.678173555918937e-9,7.822846922750652e-9,2.526002625692723e-8,6.416695576445362e-8,7.490593608708382e-8,1.3122073867896063e-7,3.7149602332979765e-6,1.3294698155656525e-5,6.898378677884108e-5,0.00038063632714137953,0.0005252123541242788,0.0008919982405087195,0.0023804396121085048,0.002783876158166951,0.01227363526957855,NaN,NaN,NaN,NaN,NaN,NaN,NaN,NaN,NaN,NaN,NaN,NaN,NaN,NaN,NaN,NaN,NaN,NaN,NaN,NaN,NaN,NaN,NaN,NaN,NaN,NaN,NaN,NaN,NaN,NaN,NaN,NaN,NaN,NaN,NaN,NaN,NaN,NaN,NaN,NaN,NaN,NaN,NaN,NaN,NaN,NaN,NaN,NaN,NaN,NaN,NaN,NaN,NaN,NaN,NaN,NaN,NaN,NaN,NaN,NaN,NaN,NaN,NaN,NaN,NaN,NaN,NaN,NaN,NaN,NaN,NaN,NaN,NaN,NaN,NaN,NaN
85.0,2.460481653147288e-17,3.817398975622643e-17,4.6225698188653457e-17,7.351274021680822e-17,8.427648229065982e-17,9.467720906651564e-17,1.3934705697379686e-16,3.589411114703019e-16,1.5802835643346281e-13,2.6744772746045643e-9,7.522484681526106e-9,2.5190852017688165e-8,6.289294682655145e-8,7.460335613608118e-8,1.3029486123503421e-7,3.428710216708638e-6,1.2956629351455725e-5,6.755139429985201e-5,0.00037532683855985745,0.0005145225460501302,0.0008672774120040168,0.002369485939641132,0.0027784138877156124,0.012260818547718027,NaN,NaN,NaN,NaN,NaN,NaN,NaN,NaN,NaN,NaN,NaN,NaN,NaN,NaN,NaN,NaN,NaN,NaN,NaN,NaN,NaN,NaN,NaN,NaN,NaN,NaN,NaN,NaN,NaN,NaN,NaN,NaN,NaN,NaN,NaN,NaN,NaN,NaN,NaN,NaN,NaN,NaN,NaN,NaN,NaN,NaN,NaN,NaN,NaN,NaN,NaN,NaN,NaN,NaN,NaN,NaN,NaN,NaN,NaN,NaN,NaN,NaN,NaN,NaN,NaN,NaN,NaN,NaN,NaN,NaN,NaN,NaN,NaN,NaN,NaN,NaN
86.0,2.4136290797569315e-17,3.81535599687893e-17,4.621985546138261e-17,7.350584785790875e-17,8.427246726130205e-17,9.46640703586735e-17,1.393432665692853e-16,3.589376801437563e-16,1.56310583525162e-13,2.6619488605267227e-9,7.5092888437513e-9,2.517187794960655e-8,5.917521004410465e-8,7.327934592825513e-8,1.2778786763612828e-7,3.421789752401918e-6,1.2888698840156702e-5,6.08395034202783e-5,0.0003750825929791338,0.0004847258868709677,0.0006557488932364952,0.002365861030916141,0.002743908886824572,0.012253727177728272,NaN,NaN,NaN,NaN,NaN,NaN,NaN,NaN,NaN,NaN,NaN,NaN,NaN,NaN,NaN,NaN,NaN,NaN,NaN,NaN,NaN,NaN,NaN,NaN,NaN,NaN,NaN,NaN,NaN,NaN,NaN,NaN,NaN,NaN,NaN,NaN,NaN,NaN,NaN,NaN,NaN,NaN,NaN,NaN,NaN,NaN,NaN,NaN,NaN,NaN,NaN,NaN,NaN,NaN,NaN,NaN,NaN,NaN,NaN,NaN,NaN,NaN,NaN,NaN,NaN,NaN,NaN,NaN,NaN,NaN,NaN,NaN,NaN,NaN,NaN,NaN
87.0,2.359325125128264e-17,3.8096994406119636e-17,4.6154955353502324e-17,7.341327828535191e-17,8.427112927923972e-17,9.464871729652377e-17,1.39338397269566e-16,3.5882996286062334e-16,1.4212583910049487e-13,2.5894126414923623e-9,7.283883864000049e-9,2.4669516298008624e-8,5.60302506611389e-8,7.206610749192364e-8,1.2607962073356563e-7,3.2385464516205232e-6,1.1768737266969012e-5,5.989673743213753e-5,0.0003724618087730997,0.0004629918904533424,0.0006161433875259472,0.0023594857523833025,0.002731700628767985,0.012251261227642737,NaN,NaN,NaN,NaN,NaN,NaN,NaN,NaN,NaN,NaN,NaN,NaN,NaN,NaN,NaN,NaN,NaN,NaN,NaN,NaN,NaN,NaN,NaN,NaN,NaN,NaN,NaN,NaN,NaN,NaN,NaN,NaN,NaN,NaN,NaN,NaN,NaN,NaN,NaN,NaN,NaN,NaN,NaN,NaN,NaN,NaN,NaN,NaN,NaN,NaN,NaN,NaN,NaN,NaN,NaN,NaN,NaN,NaN,NaN,NaN,NaN,NaN,NaN,NaN,NaN,NaN,NaN,NaN,NaN,NaN,NaN,NaN,NaN,NaN,NaN,NaN
88.0,2.339014276342042e-17,3.808870476393756e-17,4.610989954324019e-17,7.3403909073863e-17,8.425344541184289e-17,9.46475780634431e-17,1.393121503725653e-16,3.5867942718685165e-16,1.3932829806121368e-13,2.5506418068668543e-9,6.97279489685939e-9,2.408224027135675e-8,5.59791821589974e-8,6.927196164840624e-8,1.21393670921713e-7,3.1410887287590928e-6,1.1384217152657668e-5,5.9819105600346424e-5,0.0003532809644845492,0.0004598586830220156,0.0006143046411325317,0.002359141245960572,0.0027129187124779307,0.012241894706347891,NaN,NaN,NaN,NaN,NaN,NaN,NaN,NaN,NaN,NaN,NaN,NaN,NaN,NaN,NaN,NaN,NaN,NaN,NaN,NaN,NaN,NaN,NaN,NaN,NaN,NaN,NaN,NaN,NaN,NaN,NaN,NaN,NaN,NaN,NaN,NaN,NaN,NaN,NaN,NaN,NaN,NaN,NaN,NaN,NaN,NaN,NaN,NaN,NaN,NaN,NaN,NaN,NaN,NaN,NaN,NaN,NaN,NaN,NaN,NaN,NaN,NaN,NaN,NaN,NaN,NaN,NaN,NaN,NaN,NaN,NaN,NaN,NaN,NaN,NaN,NaN
89.0,2.303345507314993e-17,3.797458452211353e-17,4.6061368570553986e-17,7.334056665145458e-17,8.423255567989594e-17,9.462166478644179e-17,1.3929185902998754e-16,3.5829658019690964e-16,1.3885020284180441e-13,2.507896547995399e-9,6.8752488472873806e-9,2.3974170925634893e-8,5.5892306166146684e-8,6.803865624204276e-8,1.1957390008691237e-7,3.1151610774612272e-6,1.0860119811695754e-5,5.4654576141446585e-5,0.00034730134431036413,0.00045181160623348517,0.0005972990743977524,0.002348358558687671,0.0027031890439913704,0.012239711704511798,NaN,NaN,NaN,NaN,NaN,NaN,NaN,NaN,NaN,NaN,NaN,NaN,NaN,NaN,NaN,NaN,NaN,NaN,NaN,NaN,NaN,NaN,NaN,NaN,NaN,NaN,NaN,NaN,NaN,NaN,NaN,NaN,NaN,NaN,NaN,NaN,NaN,NaN,NaN,NaN,NaN,NaN,NaN,NaN,NaN,NaN,NaN,NaN,NaN,NaN,NaN,NaN,NaN,NaN,NaN,NaN,NaN,NaN,NaN,NaN,NaN,NaN,NaN,NaN,NaN,NaN,NaN,NaN,NaN,NaN,NaN,NaN,NaN,NaN,NaN,NaN
90.0,2.3025587897499227e-17,3.790256698099632e-17,4.5965153201608484e-17,7.330400006037677e-17,8.422855698112953e-17,9.461230793374143e-17,1.392732948505096e-16,3.5786624864928077e-16,1.3442270768839185e-13,2.462348891643382e-9,6.415049779258376e-9,2.3829235842421845e-8,5.554839854757709e-8,6.769830404937194e-8,1.1697808132301005e-7,3.0864852993537004e-6,1.0648520621931796e-5,5.447621865478225e-5,0.00031308738904734114,0.0004289489769311666,0.0005840814764763863,0.002339563294323816,0.0026925207520250125,0.012076154330527703,NaN,NaN,NaN,NaN,NaN,NaN,NaN,NaN,NaN,NaN,NaN,NaN,NaN,NaN,NaN,NaN,NaN,NaN,NaN,NaN,NaN,NaN,NaN,NaN,NaN,NaN,NaN,NaN,NaN,NaN,NaN,NaN,NaN,NaN,NaN,NaN,NaN,NaN,NaN,NaN,NaN,NaN,NaN,NaN,NaN,NaN,NaN,NaN,NaN,NaN,NaN,NaN,NaN,NaN,NaN,NaN,NaN,NaN,NaN,NaN,NaN,NaN,NaN,NaN,NaN,NaN,NaN,NaN,NaN,NaN,NaN,NaN,NaN,NaN,NaN,NaN
91.0,2.3006166751535145e-17,3.732031313633241e-17,4.5928603854099065e-17,7.329937052574546e-17,8.421872928052774e-17,9.45466541148079e-17,1.3926510602502802e-16,3.57854518515042e-16,1.2807209735686934e-13,2.444061715812812e-9,6.2906757971122595e-9,2.367099294614281e-8,5.30658174883785e-8,6.549526565460853e-8,1.1244906992145922e-7,2.8787953338032187e-6,1.0344239500873684e-5,5.433024333535003e-5,0.00030012854134431896,0.00042431606821633606,0.0005479327754338881,0.0020915065925036346,0.0026808593352765507,0.012073623366381988,NaN,NaN,NaN,NaN,NaN,NaN,NaN,NaN,NaN,NaN,NaN,NaN,NaN,NaN,NaN,NaN,NaN,NaN,NaN,NaN,NaN,NaN,NaN,NaN,NaN,NaN,NaN,NaN,NaN,NaN,NaN,NaN,NaN,NaN,NaN,NaN,NaN,NaN,NaN,NaN,NaN,NaN,NaN,NaN,NaN,NaN,NaN,NaN,NaN,NaN,NaN,NaN,NaN,NaN,NaN,NaN,NaN,NaN,NaN,NaN,NaN,NaN,NaN,NaN,NaN,NaN,NaN,NaN,NaN,NaN,NaN,NaN,NaN,NaN,NaN,NaN
92.0,2.2655761369697492e-17,3.730912561463963e-17,4.584104944356792e-17,7.324627184243623e-17,8.413787028411317e-17,9.454503925889307e-17,1.3922949921876007e-16,3.5730529868625535e-16,1.2726437004808703e-13,2.3618202226982182e-9,6.231756898142654e-9,2.3400722718261804e-8,5.202689698596571e-8,6.320179830168682e-8,1.104951519094689e-7,2.4078038916302796e-6,1.0323095319290442e-5,5.141735860329484e-5,0.0002790731174606258,0.00041689486612027236,0.0005311450579260807,0.0019175958168658103,0.002668404411199805,0.01190459217210683,NaN,NaN,NaN,NaN,NaN,NaN,NaN,NaN,NaN,NaN,NaN,NaN,NaN,NaN,NaN,NaN,NaN,NaN,NaN,NaN,NaN,NaN,NaN,NaN,NaN,NaN,NaN,NaN,NaN,NaN,NaN,NaN,NaN,NaN,NaN,NaN,NaN,NaN,NaN,NaN,NaN,NaN,NaN,NaN,NaN,NaN,NaN,NaN,NaN,NaN,NaN,NaN,NaN,NaN,NaN,NaN,NaN,NaN,NaN,NaN,NaN,NaN,NaN,NaN,NaN,NaN,NaN,NaN,NaN,NaN,NaN,NaN,NaN,NaN,NaN,NaN
93.0,2.2444660318253665e-17,3.704641945515564e-17,4.564403012424409e-17,7.321518349222379e-17,8.412678930176993e-17,9.453549854745953e-17,1.3921579020977472e-16,3.572755288126717e-16,1.1640492504735824e-13,2.341816122659721e-9,5.8603540440407506e-9,2.3274956102903903e-8,5.1313052659883315e-8,6.153470625064373e-8,1.0636094358699084e-7,2.2047485749500983e-6,9.372557888619181e-6,4.844005808366354e-5,0.0002746637480155707,0.0003904350134912451,0.0005189641439656572,0.0015636363228986568,0.0026512336321530506,0.011898426356148276,NaN,NaN,NaN,NaN,NaN,NaN,NaN,NaN,NaN,NaN,NaN,NaN,NaN,NaN,NaN,NaN,NaN,NaN,NaN,NaN,NaN,NaN,NaN,NaN,NaN,NaN,NaN,NaN,NaN,NaN,NaN,NaN,NaN,NaN,NaN,NaN,NaN,NaN,NaN,NaN,NaN,NaN,NaN,NaN,NaN,NaN,NaN,NaN,NaN,NaN,NaN,NaN,NaN,NaN,NaN,NaN,NaN,NaN,NaN,NaN,NaN,NaN,NaN,NaN,NaN,NaN,NaN,NaN,NaN,NaN,NaN,NaN,NaN,NaN,NaN,NaN
94.0,2.2144866134501365e-17,3.4965741922528506e-17,4.549688079795004e-17,7.321457725197461e-17,8.409412546551417e-17,9.453015995726768e-17,1.3920488361406589e-16,3.5715801703944085e-16,1.1599434221151315e-13,2.2972823818551415e-9,5.012082862176977e-9,2.32474999426387e-8,5.078783512167448e-8,6.135012442363243e-8,1.0130164481425478e-7,2.0567106369475023e-6,9.223222743233493e-6,4.808287253582811e-5,0.000271139851373821,0.0003878968105165401,0.0004999424591281113,0.0015386075182223934,0.0025874225351055487,0.011835980313788139,NaN,NaN,NaN,NaN,NaN,NaN,NaN,NaN,NaN,NaN,NaN,NaN,NaN,NaN,NaN,NaN,NaN,NaN,NaN,NaN,NaN,NaN,NaN,NaN,NaN,NaN,NaN,NaN,NaN,NaN,NaN,NaN,NaN,NaN,NaN,NaN,NaN,NaN,NaN,NaN,NaN,NaN,NaN,NaN,NaN,NaN,NaN,NaN,NaN,NaN,NaN,NaN,NaN,NaN,NaN,NaN,NaN,NaN,NaN,NaN,NaN,NaN,NaN,NaN,NaN,NaN,NaN,NaN,NaN,NaN,NaN,NaN,NaN,NaN,NaN,NaN
95.0,2.194853105181613e-17,3.4755926545008066e-17,4.5472924953567215e-17,7.321029002790024e-17,8.40865870799912e-17,9.451289292164278e-17,1.39140636118253e-16,3.5700646306144444e-16,1.1554729294011137e-13,2.2789122141969354e-9,4.870310218162709e-9,2.303977264759882e-8,4.806384500300067e-8,5.7764324797275914e-8,1.0067083760157718e-7,1.973303762450026e-6,8.959434501093313e-6,3.994820559989247e-5,0.00026523592981041877,0.00038248191768846764,0.0004521556892064457,0.0013767266654960994,0.002571602558627956,0.011800208396125314,NaN,NaN,NaN,NaN,NaN,NaN,NaN,NaN,NaN,NaN,NaN,NaN,NaN,NaN,NaN,NaN,NaN,NaN,NaN,NaN,NaN,NaN,NaN,NaN,NaN,NaN,NaN,NaN,NaN,NaN,NaN,NaN,NaN,NaN,NaN,NaN,NaN,NaN,NaN,NaN,NaN,NaN,NaN,NaN,NaN,NaN,NaN,NaN,NaN,NaN,NaN,NaN,NaN,NaN,NaN,NaN,NaN,NaN,NaN,NaN,NaN,NaN,NaN,NaN,NaN,NaN,NaN,NaN,NaN,NaN,NaN,NaN,NaN,NaN,NaN,NaN
96.0,2.1687553581028405e-17,3.298280008931106e-17,4.525615945142294e-17,7.319897157889936e-17,8.40545095252544e-17,9.450832429172428e-17,1.3907490471884434e-16,3.5685445316952213e-16,1.0934837956474117e-13,2.116433661569746e-9,4.491551586892516e-9,2.3013073289176928e-8,4.4377798979805955e-8,5.6765062584941795e-8,9.895030484840314e-8,1.7931500467116024e-6,8.478725439247406e-6,3.751255427369869e-5,0.00023777610082895156,0.00033311190255103643,0.0004101808758358941,0.0009799903306694283,0.002345575448125498,0.011682057005241909,NaN,NaN,NaN,NaN,NaN,NaN,NaN,NaN,NaN,NaN,NaN,NaN,NaN,NaN,NaN,NaN,NaN,NaN,NaN,NaN,NaN,NaN,NaN,NaN,NaN,NaN,NaN,NaN,NaN,NaN,NaN,NaN,NaN,NaN,NaN,NaN,NaN,NaN,NaN,NaN,NaN,NaN,NaN,NaN,NaN,NaN,NaN,NaN,NaN,NaN,NaN,NaN,NaN,NaN,NaN,NaN,NaN,NaN,NaN,NaN,NaN,NaN,NaN,NaN,NaN,NaN,NaN,NaN,NaN,NaN,NaN,NaN,NaN,NaN,NaN,NaN
97.0,2.1469433306323057e-17,3.156861691807832e-17,4.375106300568225e-17,7.318632506873892e-17,8.399232755180197e-17,9.449638086299386e-17,1.3900310791827961e-16,3.567101310335027e-16,1.0713039047996003e-13,2.1039693411218245e-9,4.461470442098614e-9,2.2909232138147088e-8,4.377960703428391e-8,5.539879473184241e-8,9.543705879818693e-8,1.694211663342873e-6,7.626577208587571e-6,3.526119425332398e-5,0.0002287321130068778,0.0003205512914836073,0.00040982144131819194,0.0007909478103364698,0.001708029447364984,0.01162383489093299,NaN,NaN,NaN,NaN,NaN,NaN,NaN,NaN,NaN,NaN,NaN,NaN,NaN,NaN,NaN,NaN,NaN,NaN,NaN,NaN,NaN,NaN,NaN,NaN,NaN,NaN,NaN,NaN,NaN,NaN,NaN,NaN,NaN,NaN,NaN,NaN,NaN,NaN,NaN,NaN,NaN,NaN,NaN,NaN,NaN,NaN,NaN,NaN,NaN,NaN,NaN,NaN,NaN,NaN,NaN,NaN,NaN,NaN,NaN,NaN,NaN,NaN,NaN,NaN,NaN,NaN,NaN,NaN,NaN,NaN,NaN,NaN,NaN,NaN,NaN,NaN
98.0,2.1196200743274083e-17,3.1330450545127237e-17,4.361720611343373e-17,7.315118457387234e-17,8.395548856995168e-17,9.4458320198388e-17,1.3894975373544346e-16,3.566080340347376e-16,9.477685779406073e-14,2.0394962198582183e-9,4.1029859210274375e-9,2.2413857300233735e-8,4.351165994687962e-8,5.3173543282998446e-8,8.599727855662195e-8,1.24625441010362e-6,6.850683612148856e-6,3.5155910832168665e-5,0.00015297905354150565,0.00031833477862795343,0.00040339281265043564,0.0006773362845131667,0.0013623461613593328,0.011593874159477683,NaN,NaN,NaN,NaN,NaN,NaN,NaN,NaN,NaN,NaN,NaN,NaN,NaN,NaN,NaN,NaN,NaN,NaN,NaN,NaN,NaN,NaN,NaN,NaN,NaN,NaN,NaN,NaN,NaN,NaN,NaN,NaN,NaN,NaN,NaN,NaN,NaN,NaN,NaN,NaN,NaN,NaN,NaN,NaN,NaN,NaN,NaN,NaN,NaN,NaN,NaN,NaN,NaN,NaN,NaN,NaN,NaN,NaN,NaN,NaN,NaN,NaN,NaN,NaN,NaN,NaN,NaN,NaN,NaN,NaN,NaN,NaN,NaN,NaN,NaN,NaN
99.0,2.1177980754089235e-17,3.051405603487961e-17,4.3210703314255454e-17,7.289053484004425e-17,8.395040245931337e-17,9.442839786500046e-17,1.3891011258186732e-16,3.5606267528454684e-16,9.254809589999456e-14,1.9722442267444167e-9,3.784946831491721e-9,2.200866583597627e-8,4.267623345079585e-8,4.7246639641685546e-8,8.575082995970061e-8,1.1098384937523056e-6,5.17690308025349e-6,3.1797935377292054e-5,0.0001308503246712525,0.00018026691915166643,0.00039018147614960046,0.0004734828037018129,0.0008273732761154751,0.0010905606484701857,NaN,NaN,NaN,NaN,NaN,NaN,NaN,NaN,NaN,NaN,NaN,NaN,NaN,NaN,NaN,NaN,NaN,NaN,NaN,NaN,NaN,NaN,NaN,NaN,NaN,NaN,NaN,NaN,NaN,NaN,NaN,NaN,NaN,NaN,NaN,NaN,NaN,NaN,NaN,NaN,NaN,NaN,NaN,NaN,NaN,NaN,NaN,NaN,NaN,NaN,NaN,NaN,NaN,NaN,NaN,NaN,NaN,NaN,NaN,NaN,NaN,NaN,NaN,NaN,NaN,NaN,NaN,NaN,NaN,NaN,NaN,NaN,NaN,NaN,NaN,NaN
100.0,2.0302462537900624e-17,2.993502176834546e-17,4.234853165224918e-17,7.286181761784804e-17,8.391091192883711e-17,9.438218004870005e-17,1.3881535056049487e-16,3.5590714039702213e-16,8.60534204854669e-14,1.662389186899134e-9,3.726358321870463e-9,1.3600741847636482e-8,4.027154541250061e-8,4.651721199172224e-8,7.318441180572365e-8,4.82921687686232e-7,4.223166578894687e-6,3.0171974709065423e-5,7.273876253714854e-5,0.0001326467843412599,0.00018028429499057885,0.0004477007874510327,0.0007333922646901346,0.0009296798787940854,0.0011920569994315166,NaN,NaN,NaN,NaN,NaN,NaN,NaN,NaN,NaN,NaN,NaN,NaN,NaN,NaN,NaN,NaN,NaN,NaN,NaN,NaN,NaN,NaN,NaN,NaN,NaN,NaN,NaN,NaN,NaN,NaN,NaN,NaN,NaN,NaN,NaN,NaN,NaN,NaN,NaN,NaN,NaN,NaN,NaN,NaN,NaN,NaN,NaN,NaN,NaN,NaN,NaN,NaN,NaN,NaN,NaN,NaN,NaN,NaN,NaN,NaN,NaN,NaN,NaN,NaN,NaN,NaN,NaN,NaN,NaN,NaN,NaN,NaN,NaN,NaN,NaN
